constituency,region,country,2019_winner,2019_majority,turnout,con_2019,con_%_2019,lab_2019,lab_%_2019,ld_2019,ld_%_2019,grn_2019,grn_%_2019,ref_2019,ref_2019_%,snp_2019,snp_2019_%,pc_2019,pc_2019_%,other_2019,other_2019_%,2019_total,,,,
Aldershot,SE,England,Con,17985,67.5,29453,57%,11468,22%,9068,17%,1839,4%,334,1%,0,0%,0,0%,0,0%,51828,,,,
Aldridge-Brownhills,WM,England,Con,22758,64.7,32941,70%,10183,22%,2654,6%,873,2%,334,1%,0,0%,0,0%,336,1%,47321,,,,
Altrincham and Sale West,NW,England,Con,6139,74.1,26311,48%,20172,37%,6036,11%,1566,3%,0,0%,0,0%,0,0%,678,1%,54763,,,,
Amber Valley,EM,England,Con,16891,64.6,29118,64%,12227,27%,2875,6%,1389,3%,0,0%,0,0%,0,0%,0,0%,45609,,,,
Arundel and South Downs,SE,England,Con,24105,75.5,35117,60%,9108,16%,11012,19%,2312,4%,0,0%,0,0%,0,0%,556,1%,58105,,,,
Ashfield,EM,England,Con,5303,61.5,16838,39%,10986,26%,890,2%,563,1%,2137,5%,0,0%,0,0%,11535,27%,42949,,,,
Ashford,SE,England,Con,17211,66.1,28759,59%,11548,24%,5176,11%,2234,5%,0,0%,0,0%,0,0%,862,2%,48579,,,,
Ashton-under-Lyne,NW,England,Lab,4689,57.2,14978,36%,19667,48%,1774,4%,1440,3%,3518,9%,0,0%,0,0%,0,0%,41377,,,,
Aylesbury,SE,England,Con,16640,76.5,29924,52%,13284,23%,12670,22%,1701,3%,309,1%,0,0%,0,0%,0,0%,57888,,,,
Banbury,SE,England,Con,13799,72.6,26397,52%,12598,25%,10335,20%,1480,3%,0,0%,0,0%,0,0%,0,0%,50810,,,,
Barking,GL,England,Lab,13993,57.1,11003,27%,24996,61%,1356,3%,750,2%,2914,7%,0,0%,0,0%,0,0%,41019,,,,
Barnsley North,YH,England,Lab,4002,57.9,10663,24%,17141,39%,1588,4%,1051,2%,13139,30%,0,0%,0,0%,898,2%,44480,,,,
Barnsley South,YH,England,Lab,"4,720",49.4,8497,23%,15684,42%,1311,3%,773,2%,10964,29%,0,0%,0,0%,279,1%,"37,508",,,,
Barrow and Furness,NW,England,Con,7436,65.3,26551,53%,19115,38%,2256,5%,770,2%,1355,3%,0,0%,0,0%,0,0%,50047,,,,
Basildon and Billericay,EE,England,Con,20749,60.9,30867,66%,10118,22%,3947,8%,1395,3%,0,0%,0,0%,0,0%,526,1%,46853,,,,
Basingstoke,SE,England,Con,12301,66.4,26966,53%,14665,29%,6797,13%,2007,4%,0,0%,0,0%,0,0%,746,1%,51181,,,,
Bassetlaw,EM,England,Con,12588,62.9,25941,54%,13353,28%,3210,7%,0,0%,5173,11%,0,0%,0,0%,0,0%,47677,,,,
Bath,SW,England,LD,12125,77.7,18251,32%,7120,13%,30376,53%,146,0%,642,1%,0,0%,0,0%,341,1%,56876,,,,
Battersea,GL,England,Lab,6026,76.3,19431,35%,25457,46%,8316,15%,1364,2%,350,1%,0,0%,0,0%,0,0%,54918,,,,
Beaconsfield,SE,England,Con,13772,72.8,29211,55%,5211,10%,0,0%,1935,4%,0,0%,0,0%,0,0%,16276,31%,52633,,,,
Beckenham and Penge,GL,England,Lab,631,78.5,23487,39%,24118,40%,9657,16%,2416,4%,464,1%,0,0%,0,0%,0,0%,60142,,,,
Bedford,EE,England,Lab,1113,66.5,19550,42%,20663,44%,4672,10%,924,2%,794,2%,0,0%,0,0%,0,0%,46603,,,,
Bermondsey and Old Southwark,GL,England,Lab,8515,65,7710,17%,22776,50%,14261,31%,25,0%,1113,2%,0,0%,0,0%,0,0%,45885,,,,
Bethnal Green and Stepney,GL,England,Lab,31655,64.9,5065,10%,36720,74%,4634,9%,2101,4%,992,2%,0,0%,0,0%,439,1%,49951,,,,
Beverley and Holderness,YH,England,Con,17976,69.6,30179,61%,12203,25%,4579,9%,1234,2%,0,0%,0,0%,0,0%,1288,3%,49483,,,,
Bexhill and Battle,SE,England,Con,20384,70.2,30716,62%,10332,21%,6658,13%,2031,4%,0,0%,0,0%,0,0%,0,0%,49737,,,,
Bexleyheath and Crayford,GL,England,Con,15038,67.6,28750,61%,13712,29%,2832,6%,1070,2%,416,1%,0,0%,0,0%,520,1%,47300,,,,
Bicester and Woodstock,SE,England,Con,14205,73.9,28030,54%,8762,17%,13825,27%,1225,2%,149,0%,0,0%,0,0%,0,0%,51991,,,,
Birkenhead,NW,England,Lab,22993,67.9,8063,16%,31056,60%,2062,4%,1552,3%,1744,3%,0,0%,0,0%,7285,14%,51762,,,,
Birmingham Edgbaston,WM,England,Lab,7691,63.9,16167,35%,23858,52%,3306,7%,1172,3%,1096,2%,0,0%,0,0%,0,0%,45599,,,,
Birmingham Erdington,WM,England,Lab,3305,54,17213,41%,20518,49%,1349,3%,746,2%,1673,4%,0,0%,0,0%,0,0%,41499,,,,
Birmingham Hall Green and Moseley,WM,England,Lab,26507,68.3,7772,15%,34279,66%,3703,7%,869,2%,997,2%,0,0%,0,0%,4119,8%,51739,,,,
Birmingham Hodge Hill and Solihull North,WM,England,Lab,12951,53.7,11793,29%,24744,60%,1788,4%,1441,3%,1271,3%,0,0%,0,0%,257,1%,41294,,,,
Birmingham Ladywood,WM,England,Lab,32583,58.2,4381,10%,36964,83%,1233,3%,823,2%,980,2%,0,0%,0,0%,154,0%,44535,,,,
Birmingham Northfield,WM,England,Con,1478,59.5,20135,46%,18657,43%,2013,5%,972,2%,1661,4%,0,0%,0,0%,254,1%,43692,,,,
Birmingham Perry Barr,WM,England,Lab,22325,63.4,9582,20%,31907,68%,3062,7%,883,2%,1333,3%,0,0%,0,0%,148,0%,46915,,,,
Birmingham Selly Oak,WM,England,Lab,11645,63.4,15291,32%,26936,56%,3018,6%,1783,4%,1319,3%,0,0%,0,0%,0,0%,48347,,,,
Birmingham Yardley,WM,England,Lab,13141,58.3,11208,27%,24349,58%,3743,9%,503,1%,2103,5%,0,0%,0,0%,0,0%,41906,,,,
Bishop Auckland,NE,England,Con,8113,69.9,26239,53%,18126,37%,1782,4%,300,1%,2739,6%,0,0%,0,0%,325,1%,49511,,,,
Blackburn,NW,England,Lab,18616,61.8,10182,23%,28798,66%,1058,2%,698,2%,2590,6%,0,0%,0,0%,319,1%,43645,,,,
Blackley and Middleton South,NW,England,Lab,11558,52.6,10599,28%,22157,59%,1130,3%,764,2%,2898,8%,0,0%,0,0%,0,0%,37548,,,,
Blackpool North and Fleetwood,NW,England,Con,10119,66.4,27946,56%,17827,36%,2020,4%,954,2%,858,2%,0,0%,0,0%,443,1%,50048,,,,
Blackpool South,NW,England,Con,3700,55.8,20715,49%,17015,40%,1497,4%,810,2%,2009,5%,0,0%,0,0%,368,1%,42414,,,,
Blaydon and Consett,NE,England,Lab,4285,66.9,16371,35%,20656,44%,2146,5%,1421,3%,4555,10%,0,0%,0,0%,1816,4%,46965,,,,
Blyth and Ashington,NE,England,Lab,6118,57,14382,33%,20500,48%,2761,6%,1248,3%,3921,9%,0,0%,0,0%,178,0%,42990,,,,
Bognor Regis and Littlehampton,SE,England,Con,22682,68.2,32645,62%,9963,19%,6978,13%,1711,3%,0,0%,0,0%,0,0%,1213,2%,52510,,,,
Bolsover,EM,England,Con,5273,61.2,21792,48%,16519,36%,1741,4%,717,2%,3920,9%,0,0%,0,0%,987,2%,45676,,,,
Bolton North East,NW,England,Con,1278,64.7,22436,45%,21158,42%,2188,4%,803,2%,3259,7%,0,0%,0,0%,0,0%,49844,,,,
Bolton South and Walkden,NW,England,Lab,10929,58.1,13961,32%,24890,57%,1695,4%,1077,2%,2361,5%,0,0%,0,0%,0,0%,43984,,,,
Bolton West,NW,England,Con,10619,69.1,28197,57%,17578,35%,2815,6%,893,2%,385,1%,0,0%,0,0%,0,0%,49868,,,,
Bootle,NW,England,Lab,34556,65.4,4510,9%,39066,79%,1822,4%,1166,2%,2610,5%,0,0%,0,0%,0,0%,49174,,,,
Boston and Skegness,EM,England,Con,27402,59.4,34406,76%,7004,16%,2180,5%,0,0%,0,0%,0,0%,0,0%,1428,3%,45018,,,,
Bournemouth East,SW,England,Con,8817,67.4,24957,51%,16140,33%,5418,11%,2052,4%,0,0%,0,0%,0,0%,761,2%,49328,,,,
Bournemouth West,SW,England,Con,9941,63.5,24512,54%,14571,32%,4603,10%,2066,5%,0,0%,0,0%,0,0%,0,0%,45752,,,,
Bracknell,SE,England,Con,14129,66.7,26022,55%,11893,25%,6555,14%,1865,4%,0,0%,0,0%,0,0%,553,1%,46888,,,,
Bradford East,YH,England,Lab,17761,59.6,9344,22%,27105,63%,3302,8%,638,1%,2647,6%,0,0%,0,0%,0,0%,43036,,,,
Bradford South,YH,England,Lab,2729,57.7,16381,40%,19110,47%,1519,4%,1007,2%,2872,7%,0,0%,0,0%,0,0%,40889,,,,
Bradford West,YH,England,Lab,27019,62.1,6717,15%,33736,76%,1349,3%,813,2%,1556,4%,0,0%,0,0%,90,0%,44261,,,,
Braintree,EE,England,Con,25466,68.3,34863,67%,9397,18%,5013,10%,233,0%,0,0%,0,0%,0,0%,2169,4%,51675,,,,
Brent East,GL,England,Lab,17756,58,10344,24%,28100,64%,3972,9%,1426,3%,175,0%,0,0%,0,0%,0,0%,44017,,,,
Brent West,GL,England,Lab,9431,63.3,16361,34%,25792,53%,4408,9%,826,2%,750,2%,0,0%,0,0%,270,1%,48407,,,,
Brentford and Isleworth,GL,England,Lab,11369,67.6,14609,28%,25978,50%,8425,16%,1540,3%,1063,2%,0,0%,0,0%,0,0%,51615,,,,
Brentwood and Ongar,EE,England,Con,28974,70.5,36202,69%,7228,14%,7179,14%,1675,3%,0,0%,0,0%,0,0%,532,1%,52816,,,,
Bridgwater,SW,England,Con,16724,63,26058,58%,9334,21%,7932,18%,925,2%,0,0%,0,0%,0,0%,755,2%,45004,,,,
Bridlington and The Wolds,YH,England,Con,21685,64.1,30916,67%,9231,20%,3479,7%,1323,3%,0,0%,0,0%,0,0%,1491,3%,46440,,,,
Brigg and Immingham,YH,England,Con,24444,66,33989,72%,9545,20%,2067,4%,1315,3%,329,1%,0,0%,0,0%,0,0%,47245,,,,
Brighton Kemptown and Peacehaven,SE,England,Lab,8280,70.8,17019,34%,25299,51%,2964,6%,2813,6%,1335,3%,0,0%,0,0%,0,0%,49430,,,,
Brighton Pavilion,SE,England,Grn,19630,75.4,10129,18%,12945,23%,0,0%,32575,57%,762,1%,0,0%,0,0%,690,1%,57101,,,,
Bristol Central,SW,England,Lab,16696,73.2,7376,14%,30077,58%,0,0%,13381,26%,593,1%,0,0%,0,0%,0,0%,51427,,,,
Bristol East,SW,England,Lab,19393,72.8,12887,23%,32280,58%,3840,7%,4664,8%,1615,3%,0,0%,0,0%,0,0%,55286,,,,
Bristol North East,SW,England,Lab,5464,70.1,19134,39%,24598,50%,2494,5%,1948,4%,731,1%,0,0%,0,0%,0,0%,48905,,,,
Bristol North West,SW,England,Lab,7235,76.1,21312,36%,28547,49%,4735,8%,3728,6%,83,0%,0,0%,0,0%,0,0%,58405,,,,
Bristol South,SW,England,Lab,9077,64.6,15840,33%,24917,52%,3012,6%,2445,5%,2054,4%,0,0%,0,0%,0,0%,48268,,,,
Broadland and Fakenham,EE,England,Con,19825,72.4,31239,59%,11414,22%,8480,16%,1318,2%,0,0%,0,0%,0,0%,363,1%,52814,,,,
Bromley and Biggin Hill,GL,England,Con,14380,69.7,26710,54%,12330,25%,7838,16%,1806,4%,0,0%,0,0%,0,0%,374,1%,49058,,,,
Bromsgrove,WM,England,Con,23106,72.1,34408,63%,11302,21%,6779,12%,1783,3%,0,0%,0,0%,0,0%,0,0%,54272,,,,
Broxbourne,EE,England,Con,19192,63.2,30627,64%,11435,24%,4292,9%,1321,3%,0,0%,0,0%,0,0%,0,0%,47675,,,,
Broxtowe,EM,England,Con,3819,73.6,24083,45%,20264,38%,270,1%,1606,3%,364,1%,0,0%,0,0%,6734,13%,53321,,,,
Buckingham and Bletchley,SE,England,Con,13345,71.4,27912,53%,14567,28%,8118,15%,629,1%,508,1%,0,0%,0,0%,875,2%,52609,,,,
Burnley,NW,England,Con,127,62.4,19056,40%,18929,40%,3614,8%,847,2%,3362,7%,0,0%,0,0%,1294,3%,47102,,,,
Burton and Uttoxeter,WM,England,Con,14496,64.6,29560,61%,15064,31%,2681,6%,1433,3%,0,0%,0,0%,0,0%,0,0%,48738,,,,
Bury North,NW,England,Con,1282,69.4,25285,47%,24003,45%,1639,3%,939,2%,1446,3%,0,0%,0,0%,158,0%,53470,,,,
Bury South,NW,England,Con,935,66.5,21574,43%,20639,42%,3059,6%,900,2%,1847,4%,0,0%,0,0%,1615,3%,49634,,,,
Bury St Edmunds and Stowmarket,EE,England,Con,22085,69.4,33023,63%,10938,21%,565,1%,6520,12%,0,0%,0,0%,0,0%,1435,3%,52481,,,,
Calder Valley,YH,England,Con,5107,74.3,28991,51%,23884,42%,2858,5%,0,0%,0,0%,0,0%,0,0%,721,1%,56454,,,,
Camborne and Redruth,SW,England,Con,9848,70.1,27471,53%,17623,34%,4370,8%,1441,3%,0,0%,0,0%,0,0%,676,1%,51581,,,,
Cambridge,EE,England,Lab,8099,68.6,7344,15%,23600,47%,15501,31%,2068,4%,958,2%,0,0%,0,0%,269,1%,49740,,,,
Cannock Chase,WM,England,Con,19879,61.3,31636,68%,11757,25%,0,0%,2920,6%,0,0%,0,0%,0,0%,0,0%,46313,,,,
Canterbury,SE,England,Lab,2160,75.7,25622,45%,27782,49%,3257,6%,0,0%,0,0%,0,0%,0,0%,505,1%,57166,,,,
Carlisle,NW,England,Con,11290,67.5,28959,57%,17669,34%,2560,5%,823,2%,0,0%,0,0%,0,0%,1229,2%,51240,,,,
Carshalton and Wallington,GL,England,Con,629,67.5,20822,42%,6081,12%,20193,41%,759,2%,1043,2%,0,0%,0,0%,200,0%,49098,,,,
Castle Point,EE,England,Con,27009,63.8,34611,77%,7602,17%,3004,7%,0,0%,0,0%,0,0%,0,0%,0,0%,45217,,,,
Central Devon,SW,England,Con,17300,77.2,31366,55%,14066,25%,8503,15%,2789,5%,0,0%,0,0%,0,0%,0,0%,56724,,,,
Central Suffolk and North Ipswich,EE,England,Con,"20,213",71,31222,62%,11009,22%,5365,11%,2816,6%,0,0%,0,0%,0,0%,0,0%,"50,412",,,,
Chatham and Aylesford,SE,England,Con,18992,61.2,30183,66%,11191,24%,3085,7%,1138,2%,0,0%,0,0%,0,0%,212,0%,45809,,,,
Cheadle,NW,England,Con,2336,75.8,25694,46%,6851,12%,23358,42%,0,0%,0,0%,0,0%,0,0%,0,0%,55903,,,,
Chelmsford,EE,England,Con,15416,70.4,29447,55%,9768,18%,14031,26%,0,0%,0,0%,0,0%,0,0%,580,1%,53826,,,,
Chelsea and Fulham,GL,England,Con,8993,71.6,24909,45%,15916,29%,13053,24%,228,0%,175,0%,0,0%,0,0%,500,1%,54781,,,,
Cheltenham,SW,England,Con,1421,75.5,27563,48%,2733,5%,26142,46%,0,0%,0,0%,0,0%,0,0%,445,1%,56883,,,,
Chesham and Amersham,SE,England,Con,18216,72.4,30264,56%,7473,14%,12048,22%,2600,5%,0,0%,0,0%,0,0%,1326,2%,53711,,,,
Chester North and Neston,NW,England,Lab,6391,74.6,20746,38%,27137,50%,3337,6%,1202,2%,1502,3%,0,0%,0,0%,0,0%,53924,,,,
Chester South and Eddisbury,NW,England,Con,20826,76.7,32703,59%,11877,22%,8446,15%,1163,2%,569,1%,0,0%,0,0%,451,1%,55209,,,,
Chesterfield,EM,England,Lab,1451,63.9,16720,37%,18171,40%,3985,9%,1148,3%,4771,11%,0,0%,0,0%,391,1%,45186,,,,
Chichester,SE,England,Con,19622,66.5,29981,59%,7850,15%,10359,20%,2499,5%,0,0%,0,0%,0,0%,333,1%,51022,,,,
Chingford and Woodford Green,GL,England,Con,1604,72.2,26322,48%,24718,45%,3193,6%,213,0%,160,0%,0,0%,0,0%,0,0%,54606,,,,
Chippenham,SW,England,Con,13200,70.5,28485,56%,5896,12%,15285,30%,853,2%,0,0%,0,0%,0,0%,0,0%,50519,,,,
Chipping Barnet,GL,England,Con,4209,76.7,27777,48%,23568,40%,5745,10%,1261,2%,0,0%,0,0%,0,0%,71,0%,58422,,,,
Chorley,NW,England,Other,17392,53.5,0,0%,0,0%,0,0%,3600,9%,0,0%,0,0%,0,0%,36270,91%,39870,,,,
Christchurch,SW,England,Con,25034,72.5,34037,66%,6676,13%,9003,17%,2174,4%,0,0%,0,0%,0,0%,0,0%,51890,,,,
Cities of London and Westminster,GL,England,Con,5976,71.3,21020,40%,15044,29%,14713,28%,1010,2%,103,0%,0,0%,0,0%,226,0%,52116,,,,
City of Durham,NE,England,Lab,4657,70.4,16340,32%,20997,41%,8686,17%,1688,3%,3382,7%,0,0%,0,0%,196,0%,51289,,,,
Clacton,EE,England,Con,25717,60.1,32825,72%,7108,16%,2829,6%,1341,3%,0,0%,0,0%,0,0%,1566,3%,45669,,,,
Clapham and Brixton Hill,GL,England,Lab,"17,291",64.4,9481,19%,26924,55%,9633,20%,2045,4%,549,1%,0,0%,0,0%,0,0%,"48,632",,,,
Colchester,EE,England,Con,10940,63.9,25693,52%,14753,30%,7209,15%,1436,3%,0,0%,0,0%,0,0%,0,0%,49091,,,,
Colne Valley,YH,England,Con,7761,72.4,26517,51%,18756,36%,3630,7%,893,2%,1089,2%,0,0%,0,0%,880,2%,51765,,,,
Congleton,NW,England,Con,18203,71.3,30207,61%,12004,24%,5521,11%,1423,3%,0,0%,0,0%,0,0%,658,1%,49813,,,,
Corby and East Northamptonshire,EM,England,Con,8676,70.2,29443,55%,20767,39%,3680,7%,0,0%,0,0%,0,0%,0,0%,0,0%,53890,,,,
Coventry East,WM,England,Lab,7288,58.2,14950,35%,22238,52%,2307,5%,995,2%,2194,5%,0,0%,0,0%,0,0%,42684,,,,
Coventry North West,WM,England,Lab,208,65,20710,43%,20918,44%,2717,6%,1443,3%,1956,4%,0,0%,0,0%,0,0%,47744,,,,
Coventry South,WM,England,Lab,808,65.9,19912,43%,20720,44%,3152,7%,1238,3%,1348,3%,0,0%,0,0%,435,1%,"46,805",,,,
Cramlington and Killingworth,NE,England,Lab,2157,65.6,19174,40%,21331,44%,2520,5%,1192,2%,3855,8%,0,0%,0,0%,0,0%,48072,,,,
Crawley,SE,England,Con,8360,67,27040,54%,18680,37%,2728,5%,1451,3%,0,0%,0,0%,0,0%,0,0%,49899,,,,
Crewe and Nantwich,NW,England,Con,5816,65.8,25511,51%,19695,39%,2573,5%,951,2%,1317,3%,0,0%,0,0%,149,0%,50196,,,,
Croydon East,GL,England,Lab,3413,67.2,20927,41%,24340,48%,3341,7%,1177,2%,837,2%,0,0%,0,0%,0,0%,50622,,,,
Croydon South,GL,England,Con,13408,71.1,27725,54%,14317,28%,6885,14%,1466,3%,59,0%,0,0%,0,0%,442,1%,50894,,,,
Croydon West,GL,England,Lab,20090,62.8,9561,22%,29651,67%,3097,7%,1205,3%,587,1%,0,0%,0,0%,348,1%,44449,,,,
Dagenham and Rainham,GL,England,Lab,706,59.7,18970,43%,19676,45%,1338,3%,674,2%,2913,7%,0,0%,0,0%,421,1%,43992,,,,
Darlington,NE,England,Con,4968,65.7,22994,50%,18026,39%,2139,5%,1166,3%,1684,4%,0,0%,0,0%,292,1%,46301,,,,
Dartford,SE,England,Con,14704,64.5,28413,61%,13709,29%,3251,7%,1115,2%,0,0%,0,0%,0,0%,0,0%,46488,,,,
Daventry,EM,England,Con,26612,74.4,36735,64%,10123,18%,7474,13%,2624,5%,0,0%,0,0%,0,0%,0,0%,56956,,,,
Derby North,EM,England,Con,2540,65.4,21259,45%,18719,40%,3450,7%,1046,2%,1908,4%,0,0%,0,0%,635,1%,47017,,,,
Derby South,EM,England,Lab,6019,58.9,15671,37%,21690,51%,2621,6%,0,0%,2480,6%,0,0%,0,0%,0,0%,42462,,,,
Derbyshire Dales,EM,England,Con,18797,75.5,31820,59%,13023,24%,6880,13%,2207,4%,0,0%,0,0%,0,0%,0,0%,53930,,,,
Dewsbury and Batley,YH,England,Lab,14009,65.6,13232,29%,27241,59%,1156,3%,512,1%,1565,3%,0,0%,0,0%,2395,5%,46101,,,,
Didcot and Wantage,SE,England,Con,10023,73.1,27045,50%,8708,16%,17022,31%,370,1%,0,0%,0,0%,0,0%,1201,2%,54346,,,,
Doncaster Central,YH,England,Lab,1271,61.4,16853,37%,18124,39%,1884,4%,1038,2%,7173,16%,0,0%,0,0%,971,2%,46043,,,,
Doncaster East and the Isle of Axholme,YH,England,Con,10085,61.4,22460,52%,12375,29%,1912,4%,1015,2%,4452,10%,0,0%,0,0%,870,2%,43084,,,,
Doncaster North,YH,England,Lab,2070,55.9,13286,33%,15356,38%,1446,4%,18,0%,8151,20%,0,0%,0,0%,1813,5%,40070,,,,
Dorking and Horley,SE,England,Con,"10,381",77.5,27883,51%,5415,10%,17502,32%,2302,4%,0,0%,0,0%,0,0%,1393,3%,"54,495",,,,
Dover and Deal,SE,England,Con,12421,67.5,29117,57%,16696,33%,2927,6%,1404,3%,0,0%,0,0%,0,0%,1053,2%,51197,,,,
Droitwich and Evesham,WM,England,Con,25631,70.9,34614,66%,8983,17%,6340,12%,2114,4%,0,0%,0,0%,0,0%,638,1%,52689,,,,
Dudley,WM,England,Con,13609,59.4,26668,63%,13059,31%,1600,4%,897,2%,0,0%,0,0%,0,0%,0,0%,42224,,,,
Dulwich and West Norwood,GL,England,Lab,24963,70.2,8686,17%,33649,64%,503,1%,8475,16%,566,1%,0,0%,0,0%,315,1%,52194,,,,
Dunstable and Leighton Buzzard,EE,England,Con,15386,65.2,28341,59%,12955,27%,5210,11%,1764,4%,0,0%,0,0%,0,0%,0,0%,48270,,,,
Ealing Central and Acton,GL,England,Lab,14133,70.3,13574,26%,27707,52%,9191,17%,1793,3%,720,1%,0,0%,0,0%,0,0%,52985,,,,
Ealing North,GL,England,Lab,11908,66.8,15555,32%,27463,56%,4311,9%,1435,3%,0,0%,0,0%,0,0%,0,0%,48764,,,,
Ealing Southall,GL,England,Lab,18266,67.9,12203,24%,30469,60%,4995,10%,1928,4%,946,2%,0,0%,0,0%,457,1%,50998,,,,
Earley and Woodley,SE,England,Con,11293,72.9,24922,49%,13629,27%,11147,22%,1134,2%,278,1%,0,0%,0,0%,0,0%,51110,,,,
Easington,NE,England,Lab,7852,56.9,10782,27%,18634,47%,1650,4%,104,0%,7230,18%,0,0%,0,0%,1448,4%,39848,,,,
East Grinstead and Uckfield,SE,England,Con,20291,79.1,33462,58%,7768,14%,13171,23%,2830,5%,0,0%,0,0%,0,0%,0,0%,57231,,,,
East Ham,GL,England,Lab,29863,66.6,6885,15%,36748,78%,1685,4%,755,2%,924,2%,0,0%,0,0%,250,1%,47247,,,,
East Hampshire,SE,England,Con,20200,77.4,31965,59%,6662,12%,11765,22%,2971,5%,0,0%,0,0%,0,0%,812,1%,54175,,,,
East Surrey,SE,England,Con,20565,70.4,31063,60%,6787,13%,10498,20%,1534,3%,0,0%,0,0%,0,0%,1593,3%,51475,,,,
East Thanet,SE,England,Con,7585,64.9,25616,53%,18031,38%,2486,5%,1791,4%,0,0%,0,0%,0,0%,0,0%,47924,,,,
East Wiltshire,SW,England,Con,24523,68.9,32301,66%,7778,16%,7100,14%,1809,4%,0,0%,0,0%,0,0%,0,0%,48988,,,,
East Worthing and Shoreham,SE,England,Con,7474,70.4,27107,51%,19633,37%,4127,8%,2006,4%,0,0%,0,0%,0,0%,255,0%,53128,,,,
Eastbourne,SE,England,Con,2168,69.9,24137,47%,3560,7%,21969,43%,0,0%,1408,3%,0,0%,0,0%,185,0%,51259,,,,
Eastleigh,SE,England,Con,8641,70.8,25711,52%,5778,12%,17070,34%,1013,2%,0,0%,0,0%,0,0%,0,0%,49572,,,,
Edmonton and Winchmore Hill,GL,England,Lab,"13,067",64.2,15008,31%,28075,58%,3249,7%,994,2%,846,2%,0,0%,0,0%,75,0%,"48,247",,,,
Ellesmere Port and Bromborough,NW,England,Lab,14577,63.7,12234,27%,26811,59%,3355,7%,859,2%,1957,4%,0,0%,0,0%,0,0%,45216,,,,
Eltham and Chislehurst,GL,England,Con,3444,68.9,23936,47%,20492,40%,3826,7%,1516,3%,1317,3%,0,0%,0,0%,0,0%,51087,,,,
Ely and East Cambridgeshire,EE,England,Con,13449,71.4,29385,54%,7825,14%,15936,29%,310,1%,0,0%,0,0%,0,0%,1009,2%,54465,,,,
Enfield North,GL,England,Lab,8853,66.1,18250,36%,27103,53%,3319,7%,1228,2%,908,2%,0,0%,0,0%,0,0%,50808,,,,
Epping Forest,EE,England,Con,22173,67.4,32364,64%,10191,20%,5387,11%,1975,4%,0,0%,0,0%,0,0%,351,1%,50268,,,,
Epsom and Ewell,SE,England,Con,16856,74.7,30752,54%,9653,17%,13896,24%,1896,3%,0,0%,0,0%,0,0%,1200,2%,57397,,,,
Erewash,EM,England,Con,10606,67.8,27560,56%,16954,35%,2487,5%,1115,2%,0,0%,0,0%,0,0%,698,1%,48814,,,,
Erith and Thamesmead,GL,England,Lab,12988,56.2,12153,28%,25141,58%,2119,5%,1226,3%,2174,5%,0,0%,0,0%,272,1%,43085,,,,
Esher and Walton,SE,England,Con,3015,76.7,27819,50%,2698,5%,24804,44%,132,0%,0,0%,0,0%,0,0%,725,1%,56178,,,,
Exeter,SW,England,Lab,10988,67.4,15512,32%,26500,55%,8,0%,4516,9%,1257,3%,0,0%,0,0%,565,1%,48358,,,,
Exmouth and Exeter East,SW,England,Con,8809,74.9,27828,50%,5878,11%,1691,3%,970,2%,171,0%,0,0%,0,0%,19294,35%,55832,,,,
Fareham and Waterlooville,SE,England,Con,21276,65.4,30819,61%,7951,16%,9543,19%,2065,4%,0,0%,0,0%,0,0%,0,0%,50378,,,,
Farnham and Bordon,SE,England,Con,13577,70.1,30376,59%,3487,7%,16799,33%,479,1%,0,0%,0,0%,0,0%,0,0%,51141,,,,
Faversham and Mid Kent,SE,England,Con,20618,67.2,30187,63%,9569,20%,6011,12%,1974,4%,0,0%,0,0%,0,0%,474,1%,48215,,,,
Feltham and Heston,GL,England,Lab,6993,58.3,15705,36%,22698,52%,2907,7%,1049,2%,1524,3%,0,0%,0,0%,0,0%,43883,,,,
Filton and Bradley Stoke,SW,England,Con,"7,842",70,26263,51%,18421,36%,5153,10%,1402,3%,0,0%,0,0%,0,0%,256,0%,"51,495",,,,
Finchley and Golders Green,GL,England,Con,6629,73.1,24267,44%,13500,24%,17638,32%,7,0%,0,0%,0,0%,0,0%,0,0%,55412,,,,
Folkestone and Hythe,SE,England,Con,13239,64,25227,56%,11988,27%,4481,10%,2184,5%,0,0%,0,0%,0,0%,915,2%,44795,,,,
Forest of Dean,SW,England,Con,15869,72,30680,60%,14811,29%,0,0%,4681,9%,0,0%,0,0%,0,0%,1303,3%,51475,,,,
Frome and East Somerset,SW,England,Con,12395,68.4,23646,49%,10156,21%,11251,23%,2917,6%,0,0%,0,0%,0,0%,0,0%,47970,,,,
Fylde,NW,England,Con,19254,69.2,32329,62%,13075,25%,3816,7%,1800,3%,0,0%,0,0%,0,0%,927,2%,51947,,,,
Gainsborough,EM,England,Con,22172,65.7,32568,66%,10396,21%,5088,10%,0,0%,0,0%,0,0%,0,0%,1070,2%,49122,,,,
Gateshead Central and Whickham,NE,England,Lab,5911,59.2,13876,33%,19787,47%,5138,12%,1591,4%,1629,4%,0,0%,0,0%,0,0%,42021,,,,
Gedling,EM,England,Con,2407,71.4,25537,47%,23130,43%,2429,4%,1184,2%,1820,3%,0,0%,0,0%,0,0%,54100,,,,
Gillingham and Rainham,SE,England,Con,15119,62.1,28173,61%,13054,28%,2503,5%,1043,2%,0,0%,0,0%,0,0%,1185,3%,45958,,,,
Glastonbury and Somerton,SW,England,Con,14183,76,30606,58%,5095,10%,16423,31%,1070,2%,0,0%,0,0%,0,0%,0,0%,53194,,,,
Gloucester,SW,England,Con,9880,66.6,27887,55%,18007,35%,3920,8%,1279,3%,0,0%,0,0%,0,0%,0,0%,51093,,,,
Godalming and Ash,SE,England,Con,"10,720",78,29728,53%,4964,9%,19008,34%,903,2%,0,0%,0,0%,0,0%,1071,2%,"55,674",,,,
Goole and Pocklington,YH,England,Con,22302,65.4,32492,65%,10190,20%,3882,8%,1950,4%,0,0%,0,0%,0,0%,1387,3%,49901,,,,
Gorton and Denton,NW,England,Lab,22175,61.7,8639,19%,30814,67%,2671,6%,1155,3%,2225,5%,0,0%,0,0%,324,1%,45828,,,,
Gosport,SE,England,Con,23278,65.7,32226,67%,8948,18%,5473,11%,1806,4%,0,0%,0,0%,0,0%,0,0%,48453,,,,
Grantham and Bourne,EM,England,Con,22393,67.8,32152,66%,9759,20%,4407,9%,2108,4%,0,0%,0,0%,0,0%,426,1%,48852,,,,
Gravesham,SE,England,Con,15581,65.3,29580,62%,13999,29%,2584,5%,1397,3%,0,0%,0,0%,0,0%,0,0%,47560,,,,
Great Grimsby and Cleethorpes,YH,England,Con,9759,54.1,23178,56%,13419,32%,2052,5%,821,2%,2049,5%,0,0%,0,0%,156,0%,41675,,,,
Great Yarmouth,EE,England,Con,17663,62,28593,66%,10930,25%,1661,4%,1064,2%,0,0%,0,0%,0,0%,1214,3%,43462,,,,
Greenwich and Woolwich,GL,England,Lab,15283,67.8,10760,23%,26043,55%,6902,15%,2176,5%,1089,2%,0,0%,0,0%,370,1%,47340,,,,
Guildford,SE,England,Con,3117,73.7,23708,45%,4411,8%,20591,39%,197,0%,0,0%,0,0%,0,0%,3677,7%,52584,,,,
Hackney North and Stoke Newington,GL,England,Lab,"29,162",68.1,6694,13%,35856,70%,3973,8%,4117,8%,489,1%,0,0%,0,0%,227,0%,"51,356",,,,
Hackney South and Shoreditch,GL,England,Lab,30141,63.6,4968,10%,35109,73%,3900,8%,3081,6%,648,1%,0,0%,0,0%,111,0%,47817,,,,
Halesowen,WM,England,Con,12082,62.5,26341,60%,14259,33%,1525,3%,1066,2%,0,0%,0,0%,0,0%,533,1%,43724,,,,
Halifax,YH,England,Lab,1902,64.1,19917,42%,21819,46%,2302,5%,946,2%,2813,6%,0,0%,0,0%,0,0%,47797,,,,
Hamble Valley,SE,England,Con,23488,74.2,35497,62%,7739,14%,12009,21%,1796,3%,0,0%,0,0%,0,0%,0,0%,57041,,,,
Hammersmith and Chiswick,GL,England,Lab,10823,71.3,16228,30%,27051,51%,7390,14%,1632,3%,976,2%,0,0%,0,0%,0,0%,53277,,,,
Hampstead and Highgate,GL,England,Lab,13400,77.3,13296,23%,27338,48%,13938,24%,2096,4%,719,1%,0,0%,0,0%,0,0%,57387,,,,
"Harborough, Oadby and Wigston",EM,England,Con,15608,70.3,28636,54%,13028,25%,8911,17%,1621,3%,0,0%,0,0%,0,0%,389,1%,52585,,,,
Harlow,EE,England,Con,16694,64.5,30573,65%,13879,29%,2783,6%,125,0%,0,0%,0,0%,0,0%,0,0%,47360,,,,
Harpenden and Berkhamsted,EE,England,Con,15044,77.8,29136,52%,5908,11%,14092,25%,907,2%,0,0%,0,0%,0,0%,5695,10%,55738,,,,
Harrogate and Knaresborough,YH,England,Con,8787,73.3,28873,52%,5349,10%,20086,36%,27,0%,0,0%,0,0%,0,0%,1208,2%,55543,,,,
Harrow East,GL,England,Con,8987,68.5,28555,55%,19568,37%,3930,8%,136,0%,98,0%,0,0%,0,0%,0,0%,52287,,,,
Harrow West,GL,England,Lab,9098,67.2,17339,35%,26437,53%,4107,8%,1028,2%,882,2%,0,0%,0,0%,0,0%,49793,,,,
Hartlepool,NE,England,Lab,3595,57.6,11869,29%,15464,38%,1696,4%,0,0%,10603,26%,0,0%,0,0%,1405,3%,41037,,,,
Harwich and North Essex,EE,England,Con,17651,72.3,31668,59%,14017,26%,5801,11%,1924,4%,0,0%,0,0%,0,0%,674,1%,54084,,,,
Hastings and Rye,SE,England,Con,3532,69.5,25804,49%,22272,42%,3892,7%,33,0%,0,0%,0,0%,0,0%,565,1%,52566,,,,
Havant,SE,England,Con,21792,63.2,30051,65%,8259,18%,5708,12%,1597,3%,0,0%,0,0%,0,0%,344,1%,45959,,,,
Hayes and Harlington,GL,England,Lab,9261,60.4,15284,35%,24545,56%,1947,4%,739,2%,1292,3%,0,0%,0,0%,187,0%,43994,,,,
Hazel Grove,NW,England,Con,4219,69.2,22994,46%,8208,16%,18775,37%,154,0%,310,1%,0,0%,0,0%,0,0%,50441,,,,
Hemel Hempstead,EE,England,Con,13161,69.6,26963,55%,13802,28%,5569,11%,1432,3%,0,0%,0,0%,0,0%,1299,3%,49065,,,,
Hendon,GL,England,Con,3661,63.8,22299,49%,18638,41%,3909,9%,747,2%,0,0%,0,0%,0,0%,0,0%,45593,,,,
Henley and Thame,SE,England,Con,11901,76.2,29333,54%,4809,9%,17432,32%,2268,4%,0,0%,0,0%,0,0%,0,0%,53842,,,,
Hereford and South Herefordshire,WM,England,Con,19321,65,28539,62%,9218,20%,6154,13%,2355,5%,0,0%,0,0%,0,0%,0,0%,46266,,,,
Herne Bay and Sandwich,SE,England,Con,20372,67,32807,64%,12435,24%,3799,7%,1921,4%,0,0%,0,0%,0,0%,0,0%,50962,,,,
Hertford and Stortford,EE,England,Con,17806,73.8,30979,56%,13173,24%,7907,14%,2587,5%,0,0%,0,0%,0,0%,989,2%,55635,,,,
Hertsmere,EE,England,Con,22980,71.7,34083,65%,11103,21%,5713,11%,1614,3%,0,0%,0,0%,0,0%,0,0%,52513,,,,
Hexham,NE,England,Con,12186,74.2,29313,54%,17127,32%,5078,9%,1954,4%,473,1%,0,0%,0,0%,0,0%,53945,,,,
Heywood and Middleton North,NW,England,Lab,680,57.9,17601,41%,18281,43%,1787,4%,1196,3%,3581,8%,0,0%,0,0%,0,0%,42446,,,,
High Peak,EM,England,Con,590,73.2,24844,46%,24254,45%,2750,5%,1148,2%,1177,2%,0,0%,0,0%,0,0%,54173,,,,
Hinckley and Bosworth,EM,England,Con,22851,65,31800,65%,6997,14%,8949,18%,1446,3%,0,0%,0,0%,0,0%,0,0%,49192,,,,
Hitchin,EE,England,Con,11264,75,25419,47%,14155,26%,12798,24%,818,2%,0,0%,0,0%,0,0%,871,2%,54061,,,,
Holborn and St Pancras,GL,England,Lab,22766,59.1,6771,15%,29537,66%,5473,12%,1790,4%,836,2%,0,0%,0,0%,175,0%,44582,,,,
Honiton and Sidmouth,SW,England,Con,26229,76.4,34307,60%,8078,14%,5432,10%,1174,2%,0,0%,0,0%,0,0%,7818,14%,56809,,,,
Hornchurch and Upminster,GL,England,Con,21735,66.4,33404,65%,11669,23%,3634,7%,1836,4%,0,0%,0,0%,0,0%,510,1%,51053,,,,
Hornsey and Friern Barnet,GL,England,Lab,16607,74.4,6200,12%,30077,57%,13470,26%,1983,4%,494,1%,0,0%,0,0%,311,1%,52535,,,,
Horsham,SE,England,Con,17353,72.6,31155,56%,8736,16%,13802,25%,1680,3%,0,0%,0,0%,0,0%,477,1%,55850,,,,
Houghton and Sunderland South,NE,England,Lab,3271,57,14425,33%,17696,40%,2602,6%,1183,3%,6895,16%,0,0%,0,0%,997,2%,43798,,,,
Hove and Portslade,SE,England,Lab,17044,76.5,15832,28%,32876,58%,3731,7%,2496,4%,1111,2%,0,0%,0,0%,345,1%,56391,,,,
Huddersfield,YH,England,Lab,7441,64.9,17945,36%,25386,51%,2449,5%,1884,4%,1696,3%,0,0%,0,0%,0,0%,49360,,,,
Huntingdon,EE,England,Con,"21,645",74.5,33352,59%,11707,21%,7899,14%,1952,3%,0,0%,0,0%,0,0%,1407,2%,"56,317",,,,
Hyndburn,NW,England,Con,2951,59.6,20565,48%,17614,42%,1226,3%,845,2%,2156,5%,0,0%,0,0%,0,0%,42406,,,,
Ilford North,GL,England,Lab,9030,69.3,18994,37%,28024,54%,2056,4%,709,1%,968,2%,0,0%,0,0%,1010,2%,51761,,,,
Ilford South,GL,England,Lab,20409,62.6,9837,21%,30246,65%,1546,3%,623,1%,1034,2%,0,0%,0,0%,3082,7%,46368,,,,
Ipswich,EE,England,Con,5479,66,24952,50%,19473,39%,2439,5%,1283,3%,1432,3%,0,0%,0,0%,0,0%,49579,,,,
Isle of Wight East,SE,England,Con,12119,64,20866,57%,8747,24%,0,0%,5093,14%,0,0%,0,0%,0,0%,1633,4%,36339,,,,
Isle of Wight West,SE,England,Con,11618,69.4,20949,55%,9331,24%,0,0%,6245,16%,0,0%,0,0%,0,0%,1578,4%,38103,,,,
Islington North,GL,England,Lab,26188,72.7,5483,10%,34603,64%,8415,16%,4326,8%,742,1%,0,0%,0,0%,236,0%,53805,,,,
Islington South and Finsbury,GL,England,Lab,19458,68.7,8518,16%,29728,57%,10270,20%,2252,4%,1193,2%,0,0%,0,0%,182,0%,52143,,,,
Jarrow and Gateshead East,NE,England,Lab,10317,57,9600,24%,19917,49%,2649,7%,1009,2%,3843,9%,0,0%,0,0%,3488,9%,40506,,,,
Keighley and Ilkley,YH,England,Con,2218,72.1,25298,48%,23080,44%,2573,5%,0,0%,850,2%,0,0%,0,0%,799,2%,52600,,,,
Kenilworth and Southam,WM,England,Con,22303,78.1,32890,59%,10587,19%,9425,17%,2334,4%,86,0%,0,0%,0,0%,457,1%,55779,,,,
Kensington and Bayswater,GL,England,Lab,390,72.1,21004,38%,21394,39%,11048,20%,769,1%,453,1%,0,0%,0,0%,145,0%,54813,,,,
Kettering,EM,England,Con,17363,68.3,31369,60%,14006,27%,3477,7%,1543,3%,0,0%,0,0%,0,0%,1642,3%,52037,,,,
Kingston and Surbiton,GL,England,LD,11174,75.7,18884,33%,5829,10%,30058,53%,900,2%,649,1%,0,0%,0,0%,775,1%,57095,,,,
Kingston upon Hull East,YH,England,Lab,2495,46.8,11639,34%,14134,42%,1685,5%,785,2%,5710,17%,0,0%,0,0%,0,0%,33953,,,,
Kingston upon Hull North and Cottingham,YH,England,Lab,5922,59.1,15037,33%,20959,47%,2915,6%,1173,3%,4857,11%,0,0%,0,0%,0,0%,44941,,,,
Kingston upon Hull West and Haltemprice,YH,England,Con,3626,56,17686,42%,14060,34%,3837,9%,442,1%,5606,13%,0,0%,0,0%,0,0%,41631,,,,
Kingswinford and South Staffordshire,WM,England,Con,29355,71,37942,74%,8587,17%,2715,5%,1803,4%,0,0%,0,0%,0,0%,0,0%,51047,,,,
Knowsley,NW,England,Lab,32901,65.2,4060,9%,36961,80%,1165,3%,915,2%,2913,6%,0,0%,0,0%,405,1%,46419,,,,
Lancaster and Wyre,NW,England,Con,3012,65.8,23683,48%,20671,42%,1946,4%,2192,4%,890,2%,0,0%,0,0%,0,0%,49382,,,,
Leeds Central and Headingley,YH,England,Lab,19879,57.9,7817,18%,27696,63%,4884,11%,1508,3%,1757,4%,0,0%,0,0%,0,0%,43662,,,,
Leeds East,YH,England,Lab,2723,59,18156,41%,20879,47%,1626,4%,946,2%,2601,6%,0,0%,0,0%,243,1%,44451,,,,
Leeds North East,YH,England,Lab,17089,71.2,11935,24%,29024,57%,5665,11%,1931,4%,1769,4%,0,0%,0,0%,176,0%,50500,,,,
Leeds North West,YH,England,Con,2001,77.7,23311,42%,21310,38%,8212,15%,1266,2%,729,1%,0,0%,0,0%,844,2%,55672,,,,
Leeds South,YH,England,Lab,13886,57.9,11377,26%,25263,58%,1922,4%,1635,4%,2771,6%,0,0%,0,0%,281,1%,43249,,,,
Leeds South West and Morley,YH,England,Con,7114,61.1,23166,53%,16052,37%,1207,3%,1440,3%,780,2%,0,0%,0,0%,957,2%,43602,,,,
Leeds West and Pudsey,YH,England,Lab,2963,68.3,20257,42%,23220,48%,1747,4%,687,1%,1330,3%,0,0%,0,0%,727,2%,47968,,,,
Leicester East,EM,England,Lab,5999,63.1,18564,38%,24563,51%,2716,6%,858,2%,1210,3%,0,0%,0,0%,329,1%,48240,,,,
Leicester South,EM,England,Lab,22023,66.9,10373,22%,32396,68%,2054,4%,1585,3%,1100,2%,0,0%,0,0%,0,0%,47508,,,,
Leicester West,EM,England,Lab,4882,53,14145,37%,19027,49%,2592,7%,1091,3%,1740,5%,0,0%,0,0%,0,0%,38595,,,,
Leigh and Atherton,NW,England,Con,293,58,19410,44%,19117,43%,2031,5%,154,0%,2572,6%,0,0%,0,0%,999,2%,44283,,,,
Lewes,SE,England,Con,4126,74,26977,49%,3930,7%,22851,41%,1587,3%,122,0%,0,0%,0,0%,113,0%,55580,,,,
Lewisham East,GL,England,Lab,19979,65.3,9365,20%,29344,63%,4736,10%,1653,4%,1212,3%,0,0%,0,0%,522,1%,46832,,,,
Lewisham North,GL,England,Lab,28949,68.8,6175,12%,35124,69%,5620,11%,2656,5%,810,2%,0,0%,0,0%,201,0%,50586,,,,
Lewisham West and East Dulwich,GL,England,Lab,23823,66.1,6711,15%,30534,66%,4568,10%,3368,7%,832,2%,0,0%,0,0%,213,0%,46226,,,,
Leyton and Wanstead,GL,England,Lab,21121,68.5,9702,20%,30823,63%,5209,11%,1868,4%,836,2%,0,0%,0,0%,427,1%,48865,,,,
Lichfield,WM,England,Con,22609,71,33638,64%,11029,21%,5528,11%,1702,3%,0,0%,0,0%,0,0%,568,1%,52465,,,,
Lincoln,EM,England,Con,3514,68.3,24267,48%,20753,41%,2422,5%,1195,2%,1079,2%,0,0%,0,0%,913,2%,50629,,,,
Liverpool Garston,NW,England,Lab,28728,69.8,5729,12%,34457,70%,4854,10%,1310,3%,2402,5%,0,0%,0,0%,344,1%,49096,,,,
Liverpool Riverside,NW,England,Lab,32800,60.5,3297,8%,36097,85%,936,2%,997,2%,1089,3%,0,0%,0,0%,0,0%,42416,,,,
Liverpool Walton,NW,England,Lab,33729,65.4,4607,10%,38336,82%,1059,2%,849,2%,1040,2%,0,0%,0,0%,660,1%,46551,,,,
Liverpool Wavertree,NW,England,Lab,31926,72.4,4926,10%,36852,72%,4123,8%,3167,6%,1897,4%,0,0%,0,0%,501,1%,51466,,,,
Liverpool West Derby,NW,England,Lab,32321,66,4015,9%,36336,78%,1270,3%,908,2%,2293,5%,0,0%,0,0%,1826,4%,46648,,,,
Loughborough,EM,England,Con,6091,69.8,26088,51%,19997,39%,3935,8%,1342,3%,0,0%,0,0%,0,0%,235,0%,51597,,,,
Louth and Horncastle,EM,England,Con,27883,67.1,36903,72%,9020,18%,3966,8%,0,0%,0,0%,0,0%,0,0%,1044,2%,50933,,,,
Lowestoft,EE,England,Con,14850,61.4,27648,61%,12798,28%,2333,5%,2362,5%,0,0%,0,0%,0,0%,245,1%,45386,,,,
Luton North,EE,England,Lab,8740,60.9,15275,34%,24015,54%,2063,5%,832,2%,1319,3%,0,0%,0,0%,1086,2%,44590,,,,
Luton South and South Bedfordshire,EE,England,Lab,6066,64.2,15876,35%,21942,49%,225,0%,1201,3%,1497,3%,0,0%,0,0%,4359,10%,45100,,,,
Macclesfield,NW,England,Con,10711,71,28292,53%,17581,33%,5684,11%,2310,4%,0,0%,0,0%,0,0%,0,0%,53867,,,,
Maidenhead,SE,England,Con,17101,69.3,29223,57%,7652,15%,12122,24%,1917,4%,0,0%,0,0%,0,0%,0,0%,50914,,,,
Maidstone and Malling,SE,England,Con,19448,66.9,28562,58%,8993,18%,9114,19%,1880,4%,0,0%,0,0%,0,0%,358,1%,48907,,,,
Makerfield,NW,England,Lab,4955,59,15477,34%,20432,45%,2161,5%,1166,3%,5902,13%,0,0%,0,0%,0,0%,45138,,,,
Maldon,EE,England,Con,32001,69.9,38791,72%,6790,13%,6272,12%,1851,3%,0,0%,0,0%,0,0%,0,0%,53704,,,,
Manchester Central,NW,England,Lab,17970,53.8,8500,21%,26470,65%,2449,6%,1159,3%,1795,4%,0,0%,0,0%,107,0%,40480,,,,
Manchester Rusholme,NW,England,Lab,27901,56.8,3653,9%,31554,79%,1612,4%,1709,4%,1621,4%,0,0%,0,0%,0,0%,40149,,,,
Manchester Withington,NW,England,Lab,25297,69.5,5607,11%,33100,66%,7803,16%,2015,4%,1269,3%,0,0%,0,0%,0,0%,49794,,,,
Mansfield,EM,England,Con,16247,63.9,30718,64%,14471,30%,1571,3%,0,0%,0,0%,0,0%,0,0%,985,2%,47745,,,,
Melksham and Devizes,SW,England,Con,17028,77.6,32227,58%,6686,12%,15199,27%,1652,3%,0,0%,0,0%,0,0%,0,0%,55764,,,,
Melton and Syston,EM,England,Con,"19,004",66.7,30232,63%,11228,23%,3685,8%,2647,6%,0,0%,0,0%,0,0%,0,0%,"47,792",,,,
Meriden and Solihull East,WM,England,Con,20270,64.8,30438,62%,10168,21%,6613,14%,1559,3%,0,0%,0,0%,0,0%,0,0%,48778,,,,
Mid Bedfordshire,EE,England,Con,20509,71.5,31034,60%,10525,21%,6420,13%,1998,4%,0,0%,0,0%,0,0%,1348,3%,51325,,,,
Mid Buckinghamshire,SE,England,Con,22648,75.1,33321,61%,8283,15%,10673,20%,1477,3%,469,1%,0,0%,0,0%,0,0%,54223,,,,
Mid Cheshire,NW,England,Con,2494,67.2,22022,47%,19528,42%,3934,8%,921,2%,502,1%,0,0%,0,0%,0,0%,46907,,,,
Mid Derbyshire,EM,England,Con,16816,73.6,30724,60%,13908,27%,4960,10%,1990,4%,0,0%,0,0%,0,0%,0,0%,51582,,,,
Mid Dorset and North Poole,SW,England,Con,16570,73.9,32965,60%,3982,7%,16395,30%,1565,3%,0,0%,0,0%,0,0%,0,0%,54907,,,,
Mid Leicestershire,EM,England,Con,20188,72.5,34343,62%,14155,26%,4417,8%,2278,4%,0,0%,0,0%,0,0%,0,0%,55193,,,,
Mid Norfolk,EE,England,Con,20388,69.1,31639,64%,11251,23%,5127,10%,154,0%,0,0%,0,0%,0,0%,939,2%,49110,,,,
Mid Sussex,SE,England,Con,13665,73.3,27154,51%,9530,18%,13489,25%,2179,4%,0,0%,0,0%,0,0%,597,1%,52949,,,,
Middlesbrough and Thornaby East,NE,England,Lab,11141,52.4,9149,24%,20290,54%,991,3%,553,1%,2324,6%,0,0%,0,0%,4282,11%,37589,,,,
Middlesbrough South and East Cleveland,NE,England,Con,10299,64.3,26050,58%,15751,35%,1823,4%,1005,2%,128,0%,0,0%,0,0%,266,1%,45023,,,,
Milton Keynes Central,SE,England,Con,4952,68.6,25035,48%,20083,38%,5489,10%,1297,2%,0,0%,0,0%,0,0%,746,1%,52650,,,,
Milton Keynes North,SE,England,Con,6327,68.4,24933,52%,18606,39%,3246,7%,1499,3%,0,0%,0,0%,0,0%,0,0%,48284,,,,
Mitcham and Morden,GL,England,Lab,15879,67.2,13792,27%,29671,57%,5592,11%,1160,2%,1202,2%,0,0%,0,0%,216,0%,51633,,,,
Morecambe and Lunesdale,NW,England,Con,14188,73.2,29834,54%,15646,28%,8689,16%,704,1%,231,0%,0,0%,0,0%,548,1%,55652,,,,
New Forest East,SE,England,Con,25251,68.8,32769,65%,7518,15%,7390,15%,2434,5%,0,0%,0,0%,0,0%,675,1%,50786,,,,
New Forest West,SE,England,Con,24403,70.8,32113,64%,6595,13%,7710,15%,3888,8%,0,0%,0,0%,0,0%,0,0%,50306,,,,
Newark,EM,England,Con,21697,72.4,34935,63%,13238,24%,5298,10%,1723,3%,193,0%,0,0%,0,0%,0,0%,55387,,,,
Newbury,SE,England,Con,11460,71.2,28075,55%,3929,8%,16615,33%,2027,4%,0,0%,0,0%,0,0%,325,1%,50971,,,,
Newcastle upon Tyne Central and West,NE,England,Lab,15731,63,12789,27%,28520,59%,1430,3%,1462,3%,3934,8%,0,0%,0,0%,0,0%,48135,,,,
Newcastle upon Tyne East and Wallsend,NE,England,Lab,17793,65,11817,24%,29610,59%,4161,8%,1923,4%,2452,5%,0,0%,0,0%,0,0%,49963,,,,
Newcastle upon Tyne North,NE,England,Lab,"6,823",70.8,17207,32%,24030,44%,7595,14%,2193,4%,3118,6%,0,0%,0,0%,0,0%,"54,143",,,,
Newcastle-under-Lyme,WM,England,Con,8265,67.6,25008,53%,16743,35%,2670,6%,1021,2%,1921,4%,0,0%,0,0%,0,0%,47363,,,,
Newton Abbot,SW,England,Con,17456,71.8,29117,56%,9287,18%,11661,22%,1505,3%,0,0%,0,0%,0,0%,840,2%,52410,,,,
Newton Aycliffe and Spennymoor,NE,England,Con,"3,408",60.8,20014,46%,16606,38%,2340,5%,644,1%,3374,8%,0,0%,0,0%,394,1%,"43,372",,,,
Normanton and Hemsworth,YH,England,Lab,3520,57.5,13632,31%,17152,40%,1831,4%,782,2%,6609,15%,0,0%,0,0%,3361,8%,43367,,,,
North Bedfordshire,EE,England,Con,"23,631",73.6,34360,61%,10729,19%,7403,13%,1585,3%,102,0%,0,0%,0,0%,2023,4%,"56,202",,,,
North Cornwall,SW,England,Con,15783,72.1,31941,59%,5201,10%,16158,30%,101,0%,0,0%,0,0%,0,0%,676,1%,54077,,,,
North Cotswolds,SW,England,Con,"20,997",71.6,30140,59%,8391,17%,9143,18%,2944,6%,175,0%,0,0%,0,0%,0,0%,"50,793",,,,
North Devon,SW,England,Con,14813,72.7,31479,57%,5097,9%,16666,30%,1759,3%,0,0%,0,0%,0,0%,580,1%,55581,,,,
North Dorset,SW,England,Con,23195,74.1,34085,64%,6379,12%,10890,20%,2110,4%,0,0%,0,0%,0,0%,0,0%,53464,,,,
North Durham,NE,England,Lab,4424,65.4,16457,34%,20881,44%,3042,6%,1249,3%,5106,11%,0,0%,0,0%,1063,2%,47798,,,,
North East Cambridgeshire,EE,England,Con,25779,63,32934,74%,7155,16%,2992,7%,1503,3%,0,0%,0,0%,0,0%,0,0%,44584,,,,
North East Derbyshire,EM,England,Con,12902,68.4,28896,58%,15994,32%,3039,6%,1319,3%,231,0%,0,0%,0,0%,0,0%,49479,,,,
North East Hampshire,SE,England,Con,22433,77.4,35124,62%,5808,10%,12691,22%,1700,3%,0,0%,0,0%,0,0%,1407,2%,56730,,,,
North East Hertfordshire,EE,England,Con,18189,72,31293,57%,13104,24%,8563,15%,2367,4%,0,0%,0,0%,0,0%,0,0%,55327,,,,
North East Somerset and Hanham,SW,England,Con,16389,78.6,31435,55%,15046,26%,8625,15%,1370,2%,0,0%,0,0%,0,0%,961,2%,57437,,,,
North Herefordshire,WM,England,Con,25719,76.8,34009,63%,8290,15%,7329,13%,4785,9%,0,0%,0,0%,0,0%,0,0%,54413,,,,
North Norfolk,EE,England,Con,14492,72.9,30145,58%,3980,8%,15653,30%,45,0%,1739,3%,0,0%,0,0%,0,0%,51562,,,,
North Northumberland,NE,England,Con,17306,72.7,29497,56%,12191,23%,8484,16%,1793,3%,775,1%,0,0%,0,0%,0,0%,52740,,,,
North Shropshire,WM,England,Con,20543,67.8,32248,62%,11705,22%,5458,10%,1719,3%,0,0%,0,0%,0,0%,1141,2%,52271,,,,
North Somerset,SW,England,Con,16184,76.9,30411,53%,14227,25%,9425,17%,2801,5%,0,0%,0,0%,0,0%,0,0%,56864,,,,
North Warwickshire and Bedworth,WM,England,Con,17956,65.4,30249,66%,12293,27%,2069,5%,1303,3%,0,0%,0,0%,0,0%,0,0%,45914,,,,
North West Cambridgeshire,EE,England,Con,17032,63.9,28201,60%,11169,24%,5173,11%,2464,5%,25,0%,0,0%,0,0%,0,0%,47032,,,,
North West Essex,EE,England,Con,23227,72.5,34105,62%,7616,14%,10878,20%,2678,5%,0,0%,0,0%,0,0%,0,0%,55277,,,,
North West Hampshire,SE,England,Con,21507,68,31051,60%,8730,17%,9544,18%,2362,5%,0,0%,0,0%,0,0%,0,0%,51687,,,,
North West Leicestershire,EM,England,Con,18548,67.1,31402,62%,12854,25%,3465,7%,2366,5%,0,0%,0,0%,0,0%,507,1%,50594,,,,
North West Norfolk,EE,England,Con,21077,64.6,32075,66%,10998,23%,3779,8%,1717,4%,0,0%,0,0%,0,0%,0,0%,48569,,,,
Northampton North,EM,England,Con,3932,67.5,25427,50%,21495,42%,2906,6%,1256,2%,0,0%,0,0%,0,0%,0,0%,51084,,,,
Northampton South,EM,England,Con,13324,69.4,28652,58%,15328,31%,3931,8%,1697,3%,0,0%,0,0%,0,0%,0,0%,49608,,,,
Norwich North,EE,England,Con,6365,70.6,25997,52%,19632,39%,3141,6%,1144,2%,21,0%,0,0%,0,0%,488,1%,50423,,,,
Norwich South,EE,England,Lab,12583,70,14881,29%,27464,54%,4851,9%,2477,5%,1635,3%,0,0%,0,0%,0,0%,51308,,,,
Nottingham East,EM,England,Lab,18942,59.5,9336,21%,28278,63%,2824,6%,1394,3%,1527,3%,0,0%,0,0%,1447,3%,44806,,,,
Nottingham North and Kimberley,EM,England,Lab,2490,57.8,17309,40%,19799,46%,1615,4%,1068,2%,2424,6%,0,0%,0,0%,822,2%,43037,,,,
Nottingham South,EM,England,Lab,10041,59.3,14240,32%,24281,54%,3032,7%,1483,3%,2090,5%,0,0%,0,0%,0,0%,45126,,,,
Nuneaton,WM,England,Con,13144,64.2,27390,61%,14246,32%,1862,4%,1692,4%,0,0%,0,0%,0,0%,0,0%,45190,,,,
Old Bexley and Sidcup,GL,England,Con,20769,69.8,33158,64%,12389,24%,4303,8%,1791,3%,0,0%,0,0%,0,0%,226,0%,51867,,,,
Oldham East and Saddleworth,NW,England,Lab,1499,63.2,18589,40%,20088,44%,2423,5%,778,2%,2980,6%,0,0%,0,0%,1306,3%,46164,,,,
"Oldham West, Chadderton and Royton",NW,England,Lab,11127,59.9,13452,30%,24579,55%,1484,3%,681,2%,3316,7%,0,0%,0,0%,922,2%,44434,,,,
Orpington,GL,England,Con,20627,68.4,30308,62%,9681,20%,7145,15%,1824,4%,0,0%,0,0%,0,0%,0,0%,48958,,,,
Ossett and Denby Dale,YH,England,Con,11027,67.9,26177,54%,15150,31%,2400,5%,602,1%,2484,5%,0,0%,0,0%,1795,4%,48608,,,,
Oxford East,SE,England,Lab,15959,63,9779,21%,25738,56%,6391,14%,2143,5%,1048,2%,0,0%,0,0%,499,1%,45598,,,,
Oxford West and Abingdon,SE,England,LD,9577,73.5,18039,34%,6242,12%,27616,52%,249,0%,769,1%,0,0%,0,0%,0,0%,52915,,,,
Peckham,GL,England,Lab,26553,62.6,4999,11%,31552,71%,4626,10%,2232,5%,1011,2%,0,0%,0,0%,127,0%,44547,,,,
Pendle and Clitheroe,NW,England,Con,11568,63,27619,57%,16051,33%,3562,7%,1010,2%,0,0%,0,0%,0,0%,268,1%,48510,,,,
Penistone and Stocksbridge,YH,England,Con,7210,69.4,23688,48%,16478,33%,5054,10%,0,0%,4300,9%,0,0%,0,0%,0,0%,49520,,,,
Penrith and Solway,NW,England,Con,"13,760",72.7,30576,55%,16816,30%,4556,8%,1733,3%,1000,2%,0,0%,0,0%,1097,2%,"55,778",,,,
Peterborough,EE,England,Con,2333,65.4,21955,46%,19622,42%,2316,5%,713,2%,2102,4%,0,0%,0,0%,524,1%,47232,,,,
Plymouth Moor View,SW,England,Con,13262,65.6,28810,60%,15548,32%,2430,5%,1254,3%,110,0%,0,0%,0,0%,0,0%,48152,,,,
Plymouth Sutton and Devonport,SW,England,Lab,5122,67,18725,38%,23847,48%,2416,5%,1476,3%,2799,6%,0,0%,0,0%,0,0%,49263,,,,
"Pontefract, Castleford and Knottingley",YH,England,Lab,1082,56.7,14677,36%,15759,38%,2799,7%,0,0%,6518,16%,0,0%,0,0%,1515,4%,41268,,,,
Poole,SW,England,Con,18608,67.6,28695,59%,10087,21%,7490,15%,1681,3%,0,0%,0,0%,0,0%,848,2%,48801,,,,
Poplar and Limehouse,GL,England,Lab,22047,68.1,9129,18%,31176,60%,8009,16%,1756,3%,1219,2%,0,0%,0,0%,376,1%,51665,,,,
Portsmouth North,SE,England,Con,15780,63.9,28172,61%,12392,27%,3419,7%,1304,3%,0,0%,0,0%,0,0%,623,1%,45910,,,,
Portsmouth South,SE,England,Lab,5363,63.9,17705,37%,23068,49%,5418,11%,0,0%,994,2%,0,0%,0,0%,240,1%,47425,,,,
Preston,NW,England,Lab,11850,59.1,12847,30%,24697,57%,2913,7%,862,2%,1793,4%,0,0%,0,0%,0,0%,43112,,,,
Putney,GL,England,Lab,4416,76,20197,36%,24613,44%,9382,17%,1298,2%,36,0%,0,0%,0,0%,0,0%,55526,,,,
Queen's Park and Maida Vale,GL,England,Lab,18874,59.5,8865,20%,27739,62%,6230,14%,1437,3%,413,1%,0,0%,0,0%,115,0%,44799,,,,
Rawmarsh and Conisbrough,YH,England,Lab,1257,57.7,14992,37%,16249,40%,1500,4%,194,0%,6535,16%,0,0%,0,0%,1074,3%,40544,,,,
Rayleigh and Wickford,EE,England,Con,30348,69.3,38652,73%,8304,16%,4081,8%,1960,4%,0,0%,0,0%,0,0%,0,0%,52997,,,,
Reading Central,SE,England,Lab,8351,72.3,18756,36%,27107,53%,3288,6%,1603,3%,574,1%,0,0%,0,0%,202,0%,51530,,,,
Reading West and Mid Berkshire,SE,England,Con,16758,70.6,28078,57%,11320,23%,8356,17%,1690,3%,0,0%,0,0%,0,0%,0,0%,49444,,,,
Redcar,NE,England,Con,4878,62.7,21255,48%,16377,37%,2152,5%,698,2%,2915,7%,0,0%,0,0%,1323,3%,44720,,,,
Redditch,WM,England,Con,18423,67.9,30719,65%,12296,26%,3039,6%,1447,3%,0,0%,0,0%,0,0%,0,0%,47501,,,,
Reigate,SE,England,Con,19220,70.2,29846,56%,9045,17%,10626,20%,3092,6%,0,0%,0,0%,0,0%,860,2%,53469,,,,
Ribble Valley,NW,England,Con,16839,68.7,31261,60%,14422,28%,4179,8%,1486,3%,6,0%,0,0%,0,0%,886,2%,52240,,,,
Richmond and Northallerton,YH,England,Con,24331,71.3,32861,63%,8530,16%,6475,12%,1976,4%,0,0%,0,0%,0,0%,2038,4%,51880,,,,
Richmond Park,GL,England,LD,7725,78.7,23970,41%,3109,5%,31695,54%,0,0%,0,0%,0,0%,0,0%,308,1%,59082,,,,
Rochdale,NW,England,Lab,8109,58.7,13270,32%,21379,51%,3168,8%,790,2%,3451,8%,0,0%,0,0%,0,0%,42058,,,,
Rochester and Strood,SE,England,Con,13553,61.9,26098,58%,12545,28%,3170,7%,1155,3%,0,0%,0,0%,0,0%,1667,4%,44635,,,,
Romford,GL,England,Con,18536,65.6,31322,65%,12786,26%,2789,6%,1462,3%,0,0%,0,0%,0,0%,0,0%,48359,,,,
Romsey and Southampton North,SE,England,Con,16251,74.1,31647,58%,6630,12%,15396,28%,391,1%,0,0%,0,0%,0,0%,640,1%,54704,,,,
Rossendale and Darwen,NW,England,Con,9834,66.9,28124,56%,18290,37%,2083,4%,1236,2%,180,0%,0,0%,0,0%,0,0%,49913,,,,
Rother Valley,YH,England,Con,6135,64.8,20975,46%,14840,33%,2195,5%,1124,2%,5314,12%,0,0%,0,0%,1040,2%,45488,,,,
Rotherham,YH,England,Lab,3297,57.8,14402,33%,17699,41%,2717,6%,50,0%,7408,17%,0,0%,0,0%,1245,3%,43521,,,,
Rugby,WM,England,Con,13395,70.4,29308,57%,15913,31%,4236,8%,1662,3%,0,0%,0,0%,0,0%,0,0%,51119,,,,
"Ruislip, Northwood and Pinner",GL,England,Con,15810,72.4,28916,55%,13106,25%,7920,15%,1381,3%,49,0%,0,0%,0,0%,884,2%,52256,,,,
Runcorn and Helsby,NW,England,Lab,5779,68.2,17838,37%,23617,49%,3247,7%,1414,3%,2302,5%,0,0%,0,0%,0,0%,48418,,,,
Runnymede and Weybridge,SE,England,Con,16072,71.4,28028,53%,9347,18%,11956,23%,1415,3%,0,0%,0,0%,0,0%,1923,4%,52669,,,,
Rushcliffe,EM,England,Con,7354,78.1,28168,47%,20814,35%,9496,16%,0,0%,0,0%,0,0%,0,0%,1018,2%,59496,,,,
Rutland and Stamford,EM,England,Con,25537,75.9,34052,63%,7882,15%,8515,16%,1950,4%,0,0%,0,0%,0,0%,1375,3%,53774,,,,
Salford,NW,England,Lab,14248,57.9,9729,23%,23977,57%,2571,6%,1783,4%,3703,9%,0,0%,0,0%,0,0%,41763,,,,
Salisbury,SW,England,Con,18848,75.1,29138,55%,9884,19%,10290,20%,2685,5%,0,0%,0,0%,0,0%,745,1%,52742,,,,
Scarborough and Whitby,YH,England,Con,10270,67.3,27593,55%,17323,35%,3038,6%,0,0%,0,0%,0,0%,0,0%,1770,4%,49724,,,,
Scunthorpe,YH,England,Con,10133,63.6,26616,56%,16483,35%,1249,3%,866,2%,2044,4%,0,0%,0,0%,0,0%,47258,,,,
Sefton Central,NW,England,Lab,10414,76.4,19600,34%,30014,53%,3789,7%,1183,2%,2081,4%,0,0%,0,0%,422,1%,57089,,,,
Selby,YH,England,Con,14838,70.6,30575,58%,15737,30%,3165,6%,1602,3%,0,0%,0,0%,0,0%,1678,3%,52757,,,,
Sevenoaks,SE,England,Con,21793,69.9,31780,62%,6958,14%,9987,19%,1773,3%,0,0%,0,0%,0,0%,990,2%,51488,,,,
Sheffield Brightside and Hillsborough,YH,England,Lab,12591,56.7,10247,25%,22838,57%,1570,4%,1210,3%,3916,10%,0,0%,0,0%,585,1%,40366,,,,
Sheffield Central,YH,England,Lab,20773,54,4722,12%,25495,67%,2070,5%,4136,11%,1170,3%,0,0%,0,0%,474,1%,38067,,,,
Sheffield Hallam,YH,England,Lab,1108,78.4,15435,26%,21004,35%,19896,33%,1799,3%,1641,3%,0,0%,0,0%,291,0%,60066,,,,
Sheffield Heeley,YH,England,Lab,12220,61.2,12399,27%,24619,54%,3070,7%,1964,4%,3643,8%,0,0%,0,0%,0,0%,45695,,,,
Sheffield South East,YH,England,Lab,5214,61.5,16709,36%,21923,47%,2186,5%,80,0%,5032,11%,0,0%,0,0%,966,2%,46896,,,,
Sherwood Forest,EM,England,Con,16290,68.1,31688,61%,15398,30%,2969,6%,1354,3%,0,0%,0,0%,0,0%,700,1%,52109,,,,
Shipley,YH,England,Con,6242,72.9,27437,51%,21195,39%,3188,6%,1301,2%,0,0%,0,0%,0,0%,883,2%,54004,,,,
Shrewsbury,WM,England,Con,7175,68.6,25454,49%,18279,35%,5574,11%,1675,3%,0,0%,0,0%,0,0%,572,1%,51554,,,,
Sittingbourne and Sheppey,SE,England,Con,21337,60.9,31106,67%,9769,21%,2962,6%,1043,2%,0,0%,0,0%,0,0%,1883,4%,46763,,,,
Skipton and Ripon,YH,England,Con,22517,74,33416,59%,10899,19%,8634,15%,2693,5%,0,0%,0,0%,0,0%,1131,2%,56773,,,,
Sleaford and North Hykeham,EM,England,Con,24680,70.2,34258,66%,9578,19%,4225,8%,1246,2%,0,0%,0,0%,0,0%,2230,4%,51537,,,,
Slough,SE,England,Lab,13347,60.5,13443,30%,26790,59%,3099,7%,948,2%,1280,3%,0,0%,0,0%,0,0%,45560,,,,
Smethwick,WM,England,Lab,10974,57.5,12365,30%,23339,57%,1841,4%,956,2%,2469,6%,0,0%,0,0%,0,0%,40970,,,,
Solihull West and Shirley,WM,England,Con,20798,71.1,30558,61%,9760,19%,7861,16%,2000,4%,0,0%,0,0%,0,0%,0,0%,50179,,,,
South Basildon and East Thurrock,EE,England,Con,18731,61,29271,65%,10540,24%,1836,4%,68,0%,0,0%,0,0%,0,0%,3014,7%,44729,,,,
South Cambridgeshire,EE,England,Con,1498,79.6,26153,44%,9091,15%,24655,41%,96,0%,83,0%,0,0%,0,0%,0,0%,60078,,,,
South Cotswolds,SW,England,Con,16092,73,30798,58%,5669,11%,14706,28%,2016,4%,0,0%,0,0%,0,0%,0,0%,53189,,,,
South Derbyshire,EM,England,Con,16483,66.3,29319,62%,12836,27%,3465,7%,1579,3%,0,0%,0,0%,0,0%,0,0%,47199,,,,
South Devon,SW,England,Con,13719,75.6,29027,54%,9228,17%,15308,28%,82,0%,0,0%,0,0%,0,0%,544,1%,54189,,,,
South Dorset,SW,England,Con,18147,68.8,31209,59%,13062,25%,5628,11%,2335,4%,0,0%,0,0%,0,0%,485,1%,52719,,,,
South East Cornwall,SW,England,Con,20225,72.8,30839,59%,10614,20%,8520,16%,1405,3%,0,0%,0,0%,0,0%,869,2%,52247,,,,
South Holland and The Deepings,EM,England,Con,30838,64.6,37338,76%,6500,13%,3225,7%,1613,3%,0,0%,0,0%,0,0%,503,1%,49179,,,,
South Leicestershire,EM,England,Con,25534,72.4,36452,67%,10918,20%,5243,10%,2173,4%,0,0%,0,0%,0,0%,0,0%,54786,,,,
South Norfolk,EE,England,Con,17175,74.3,29298,56%,12123,23%,8799,17%,1637,3%,0,0%,0,0%,0,0%,0,0%,51857,,,,
South Northamptonshire,EM,England,Con,23671,72.9,35270,63%,11599,21%,6205,11%,2119,4%,0,0%,0,0%,0,0%,634,1%,55827,,,,
South Ribble,NW,England,Con,8515,68.3,26348,54%,17833,36%,3812,8%,1237,3%,0,0%,0,0%,0,0%,0,0%,49230,,,,
South Shields,NE,England,Lab,8365,65.7,11827,26%,20192,44%,1625,4%,1442,3%,6725,15%,0,0%,0,0%,3987,9%,45798,,,,
South Shropshire,WM,England,Con,28636,74.9,37752,65%,9116,16%,8869,15%,1999,3%,0,0%,0,0%,0,0%,0,0%,57736,,,,
South Suffolk,EE,England,Con,21473,70.5,31094,62%,9621,19%,6360,13%,3031,6%,0,0%,0,0%,0,0%,0,0%,50106,,,,
South West Devon,SW,England,Con,23090,74.4,35102,63%,12012,21%,6807,12%,2179,4%,0,0%,0,0%,0,0%,0,0%,56100,,,,
South West Hertfordshire,EE,England,Con,17623,71.1,26548,52%,8182,16%,6460,13%,763,1%,0,0%,0,0%,0,0%,8925,18%,50878,,,,
South West Norfolk,EE,England,Con,24180,66.3,32988,69%,8808,18%,3965,8%,1452,3%,0,0%,0,0%,0,0%,836,2%,48049,,,,
South West Wiltshire,SW,England,Con,17378,66,27546,58%,10168,22%,7787,16%,1736,4%,0,0%,0,0%,0,0%,0,0%,47237,,,,
Southampton Itchen,SE,England,Con,4498,65.7,23952,51%,19454,41%,2503,5%,1040,2%,0,0%,0,0%,0,0%,472,1%,47421,,,,
Southampton Test,SE,England,Lab,6213,64.3,16043,36%,22256,49%,3449,8%,1433,3%,1591,4%,0,0%,0,0%,222,0%,44994,,,,
Southend East and Rochford,EE,England,Con,11942,61.6,25463,59%,13521,31%,2775,6%,42,0%,0,0%,0,0%,0,0%,1356,3%,43157,,,,
Southend West and Leigh,EE,England,Con,15454,66.9,30367,59%,14913,29%,5449,11%,0,0%,0,0%,0,0%,0,0%,692,1%,51421,,,,
Southgate and Wood Green,GL,England,Lab,15414,69.3,15051,29%,30465,58%,5242,10%,1294,2%,660,1%,0,0%,0,0%,0,0%,52712,,,,
Southport,NW,England,Con,6771,67.2,25092,50%,18321,37%,6217,12%,178,0%,0,0%,0,0%,0,0%,0,0%,49808,,,,
Spelthorne,SE,England,Con,18393,67.9,29141,59%,10748,22%,7499,15%,2122,4%,0,0%,0,0%,0,0%,0,0%,49510,,,,
Spen Valley,YH,England,Con,6064,65.4,21886,46%,15822,34%,2755,6%,830,2%,1627,3%,0,0%,0,0%,4289,9%,47209,,,,
St Albans,EE,England,LD,5905,78,21705,39%,4878,9%,27610,50%,950,2%,0,0%,0,0%,0,0%,154,0%,55297,,,,
St Austell and Newquay,SW,England,Con,15942,73.9,30620,56%,14678,27%,5964,11%,1690,3%,0,0%,0,0%,0,0%,2146,4%,55098,,,,
St Helens North,NW,England,Lab,12209,62.5,12661,27%,24870,52%,2668,6%,1966,4%,5396,11%,0,0%,0,0%,0,0%,47561,,,,
St Helens South and Whiston,NW,England,Lab,16720,64,9666,21%,26386,58%,2579,6%,1944,4%,4822,11%,0,0%,0,0%,0,0%,45397,,,,
St Ives,SW,England,Con,5227,76.9,26403,49%,4893,9%,21176,39%,981,2%,0,0%,0,0%,0,0%,446,1%,53899,,,,
St Neots and Mid Cambridgeshire,EE,England,Con,12250,67,25670,51%,9414,19%,13420,27%,853,2%,0,0%,0,0%,0,0%,686,1%,50043,,,,
Stafford,WM,England,Con,13720,72.7,29731,58%,16011,31%,3272,6%,2297,4%,0,0%,0,0%,0,0%,0,0%,51311,,,,
Staffordshire Moorlands,WM,England,Con,17659,67.3,30260,64%,12601,27%,2898,6%,1450,3%,0,0%,0,0%,0,0%,0,0%,47209,,,,
Stalybridge and Hyde,NW,England,Lab,2946,58,16079,38%,19025,45%,1827,4%,1411,3%,3591,8%,0,0%,0,0%,435,1%,42368,,,,
Stevenage,EE,England,Con,8562,67.8,25328,53%,16766,35%,4132,9%,1457,3%,0,0%,0,0%,0,0%,0,0%,47683,,,,
Stockport,NW,England,Lab,12012,61.5,12968,28%,24980,54%,3986,9%,1635,4%,2448,5%,0,0%,0,0%,0,0%,46017,,,,
Stockton North,NE,England,Lab,3972,61.8,16164,37%,20136,47%,1723,4%,0,0%,3896,9%,0,0%,0,0%,1189,3%,43108,,,,
Stockton West,NE,England,Con,11749,74.2,29397,56%,17648,34%,2316,4%,262,1%,2427,5%,0,0%,0,0%,0,0%,52050,,,,
Stoke-on-Trent Central,WM,England,Con,1715,57.6,19133,47%,17418,43%,1526,4%,802,2%,1731,4%,0,0%,0,0%,0,0%,40610,,,,
Stoke-on-Trent North,WM,England,Con,8077,59.9,22657,54%,14580,35%,1383,3%,572,1%,2334,6%,0,0%,0,0%,322,1%,41848,,,,
Stoke-on-Trent South,WM,England,Con,15393,67,29255,63%,13862,30%,2916,6%,749,2%,0,0%,0,0%,0,0%,0,0%,46782,,,,
"Stone, Great Wyrley and Penkridge",WM,England,Con,21922,66.1,32010,68%,10088,22%,3046,7%,1597,3%,0,0%,0,0%,0,0%,0,0%,46741,,,,
Stourbridge,WM,England,Con,15133,66.3,28614,62%,13481,29%,2677,6%,918,2%,0,0%,0,0%,0,0%,621,1%,46311,,,,
Stratford and Bow,GL,England,Lab,26491,64.2,6877,15%,33368,70%,4265,9%,1758,4%,1107,2%,0,0%,0,0%,0,0%,47375,,,,
Stratford-on-Avon,WM,England,Con,19020,74,32236,60%,6074,11%,13216,25%,2031,4%,0,0%,0,0%,0,0%,0,0%,53557,,,,
Streatham and Croydon North,GL,England,Lab,20038,67.5,9666,19%,29704,58%,9002,18%,2278,4%,658,1%,0,0%,0,0%,0,0%,51308,,,,
Stretford and Urmston,NW,England,Lab,16417,68.4,13778,28%,30195,60%,2969,6%,1357,3%,1768,4%,0,0%,0,0%,0,0%,50067,,,,
Stroud,SW,England,Con,2467,79.6,27733,46%,25266,42%,1356,2%,4857,8%,909,1%,0,0%,0,0%,567,1%,60688,,,,
Suffolk Coastal,EE,England,Con,18355,72.1,29558,56%,11203,21%,7921,15%,2308,4%,0,0%,0,0%,0,0%,1375,3%,52365,,,,
Sunderland Central,NE,England,Lab,2964,59.8,15372,35%,18336,42%,3025,7%,1212,3%,5047,12%,0,0%,0,0%,484,1%,43476,,,,
Surrey Heath,SE,England,Con,15552,73.6,30161,58%,4888,9%,14609,28%,1845,4%,0,0%,0,0%,0,0%,628,1%,52131,,,,
Sussex Weald,SE,England,Con,23164,70.5,31486,64%,7349,15%,8322,17%,2261,5%,0,0%,0,0%,0,0%,0,0%,49418,,,,
Sutton and Cheam,GL,England,Con,8351,70.8,25235,50%,7200,14%,16884,33%,1168,2%,0,0%,0,0%,0,0%,0,0%,50487,,,,
Sutton Coldfield,WM,England,Con,19272,70.2,31604,60%,12332,24%,6358,12%,2031,4%,0,0%,0,0%,0,0%,0,0%,52325,,,,
Swindon North,SW,England,Con,13250,65.7,27719,59%,14469,31%,3744,8%,1449,3%,0,0%,0,0%,0,0%,0,0%,47381,,,,
Swindon South,SW,England,Con,5650,68.3,25564,52%,19914,40%,3788,8%,261,1%,0,0%,0,0%,0,0%,0,0%,49527,,,,
Tamworth,WM,England,Con,20663,64.6,31748,67%,11085,23%,2530,5%,976,2%,0,0%,0,0%,0,0%,1245,3%,47584,,,,
Tatton,NW,England,Con,19281,73.3,31732,57%,12451,22%,8966,16%,2046,4%,199,0%,0,0%,0,0%,0,0%,55394,,,,
Taunton and Wellington,SW,England,Con,8536,71.6,28298,52%,4299,8%,19762,36%,0,0%,0,0%,0,0%,0,0%,2081,4%,54440,,,,
Telford,WM,England,Con,10900,61.5,25842,59%,14942,34%,2714,6%,27,0%,0,0%,0,0%,0,0%,0,0%,43525,,,,
Tewkesbury,SW,England,Con,19443,74.4,31291,58%,8448,16%,11848,22%,2271,4%,0,0%,0,0%,0,0%,0,0%,53858,,,,
The Wrekin,WM,England,Con,21173,68.9,33929,65%,12756,24%,4212,8%,1535,3%,0,0%,0,0%,0,0%,0,0%,52432,,,,
Thirsk and Malton,YH,England,Con,23337,68.1,32624,63%,9287,18%,6502,12%,2348,4%,0,0%,0,0%,0,0%,1437,3%,52198,,,,
Thornbury and Yate,SW,England,Con,14538,74.8,32798,58%,4899,9%,18260,33%,126,0%,0,0%,0,0%,0,0%,0,0%,56083,,,,
Thurrock,EE,England,Con,11962,60.5,26580,60%,14618,33%,1390,3%,739,2%,0,0%,0,0%,0,0%,1042,2%,44369,,,,
Tipton and Wednesbury,WM,England,Con,4693,51.7,19371,51%,14678,38%,1195,3%,722,2%,2234,6%,0,0%,0,0%,0,0%,38200,,,,
Tiverton and Minehead,SW,England,Con,20665,69.8,30297,61%,7070,14%,9632,19%,2103,4%,0,0%,0,0%,0,0%,309,1%,49411,,,,
Tonbridge,SE,England,Con,27052,73.9,35262,65%,8210,15%,6690,12%,4288,8%,0,0%,0,0%,0,0%,0,0%,54450,,,,
Tooting,GL,England,Lab,14307,76,16504,28%,30811,53%,8305,14%,2314,4%,462,1%,0,0%,0,0%,77,0%,58473,,,,
Torbay,SW,England,Con,17751,67.3,30109,59%,6620,13%,12358,24%,1236,2%,0,0%,0,0%,0,0%,648,1%,50971,,,,
Torridge and Tavistock,SW,England,Con,22899,73.1,32708,60%,9761,18%,9809,18%,1843,3%,0,0%,0,0%,0,0%,547,1%,54668,,,,
Tottenham,GL,England,Lab,30488,60.2,5076,11%,35564,78%,2306,5%,1965,4%,588,1%,0,0%,0,0%,221,0%,45720,,,,
Truro and Falmouth,SW,England,Con,4459,75.3,25842,47%,21383,39%,5981,11%,1522,3%,0,0%,0,0%,0,0%,450,1%,55178,,,,
Tunbridge Wells,SE,England,Con,14645,72.7,30119,55%,8098,15%,15474,28%,0,0%,0,0%,0,0%,0,0%,959,2%,54650,,,,
Twickenham,GL,England,LD,13074,76.9,19742,34%,5051,9%,32816,56%,0,0%,743,1%,0,0%,0,0%,0,0%,58352,,,,
Tynemouth,NE,England,Lab,3512,73.9,21696,40%,25208,47%,3622,7%,1318,2%,2096,4%,0,0%,0,0%,0,0%,53940,,,,
Uxbridge and South Ruislip,GL,England,Con,7939,67.7,26712,53%,18773,37%,3371,7%,1347,3%,0,0%,0,0%,0,0%,579,1%,50782,,,,
Vauxhall and Camberwell Green,GL,England,Lab,19225,66.3,6746,15%,28073,60%,8848,19%,1915,4%,722,2%,0,0%,0,0%,136,0%,46440,,,,
Wakefield and Rothwell,YH,England,Con,2626,66.4,22022,45%,19396,40%,5361,11%,490,1%,1586,3%,0,0%,0,0%,238,0%,49093,,,,
Wallasey,NW,England,Lab,19422,70.5,13347,26%,32769,64%,2007,4%,1219,2%,2128,4%,0,0%,0,0%,0,0%,51470,,,,
Walsall and Bloxwich,WM,England,Con,2186,60.9,22453,49%,20267,44%,1338,3%,696,2%,588,1%,0,0%,0,0%,288,1%,45630,,,,
Walthamstow,GL,England,Lab,30862,68.2,5922,12%,36784,76%,2874,6%,1733,4%,768,2%,0,0%,0,0%,254,1%,48335,,,,
Warrington North,NW,England,Lab,1513,64.3,19054,41%,20567,44%,3055,7%,1253,3%,2617,6%,0,0%,0,0%,0,0%,46546,,,,
Warrington South,NW,England,Lab,65,70.6,24008,44%,24073,44%,4415,8%,4,0%,1461,3%,0,0%,0,0%,168,0%,54129,,,,
Warwick and Leamington,WM,England,Lab,1169,69.2,21444,41%,22613,43%,5693,11%,1517,3%,721,1%,0,0%,0,0%,220,0%,52208,,,,
Washington and Gateshead South,NE,England,Lab,3938,58.5,14152,34%,18090,43%,2067,5%,1122,3%,5784,14%,0,0%,0,0%,739,2%,41954,,,,
Watford,EE,England,Con,1300,68.4,20285,42%,18985,39%,8570,18%,125,0%,0,0%,0,0%,0,0%,333,1%,48298,,,,
Waveney Valley,EE,England,Con,22364,72.7,31898,62%,9534,19%,4696,9%,4775,9%,0,0%,0,0%,0,0%,377,1%,51280,,,,
Weald of Kent,SE,England,Con,28751,70.8,35730,72%,6979,14%,5018,10%,1925,4%,0,0%,0,0%,0,0%,0,0%,49652,,,,
Wellingborough and Rushden,EM,England,Con,16038,61.4,29333,62%,13295,28%,3140,7%,1276,3%,0,0%,0,0%,0,0%,0,0%,47044,,,,
Wells and Mendip Hills,SW,England,Con,14295,80.8,31678,56%,6076,11%,17383,31%,661,1%,0,0%,0,0%,0,0%,643,1%,56441,,,,
Welwyn Hatfield,EE,England,Con,10773,69.5,27188,52%,16415,32%,6583,13%,1611,3%,0,0%,0,0%,0,0%,0,0%,51797,,,,
West Bromwich,WM,England,Con,2150,57.3,19580,47%,17430,42%,1468,4%,791,2%,1563,4%,0,0%,0,0%,545,1%,41377,,,,
West Dorset,SW,England,Con,12388,76.7,31375,54%,5414,9%,18987,33%,2037,4%,0,0%,0,0%,0,0%,0,0%,57813,,,,
West Ham and Beckton,GL,England,Lab,21937,57.3,6648,16%,28585,71%,2450,6%,1023,3%,1118,3%,0,0%,0,0%,606,1%,40430,,,,
West Lancashire,NW,England,Lab,8336,71.5,19122,36%,27458,52%,2560,5%,1248,2%,2275,4%,0,0%,0,0%,0,0%,52663,,,,
West Suffolk,EE,England,Con,20797,64.7,31738,64%,10941,22%,4462,9%,2199,4%,0,0%,0,0%,0,0%,0,0%,49340,,,,
West Worcestershire,WM,England,Con,24499,75.1,34909,61%,9496,17%,10410,18%,2715,5%,0,0%,0,0%,0,0%,0,0%,57530,,,,
Westmorland and Lonsdale,NW,England,Con,5140,74.9,27188,50%,3752,7%,22048,41%,287,1%,601,1%,0,0%,0,0%,324,1%,54200,,,,
Weston-super-Mare,SW,England,Con,13310,64.9,26210,57%,12900,28%,5382,12%,1380,3%,0,0%,0,0%,0,0%,0,0%,45872,,,,
Wetherby and Easingwold,YH,England,Con,27164,76.1,37091,68%,9927,18%,4305,8%,2137,4%,0,0%,0,0%,0,0%,937,2%,54397,,,,
Whitehaven and Workington,NW,England,Con,2144,67.3,23904,48%,21760,44%,1953,4%,609,1%,749,2%,0,0%,0,0%,394,1%,49369,,,,
Widnes and Halewood,NW,England,Lab,21542,66.6,9829,21%,31371,66%,1312,3%,1105,2%,3592,8%,0,0%,0,0%,0,0%,47209,,,,
Wigan,NW,England,Lab,6728,59.6,14314,32%,21042,47%,2428,5%,1299,3%,5959,13%,0,0%,0,0%,0,0%,45042,,,,
Wimbledon,GL,England,Con,839,76.2,22617,40%,11834,21%,21778,38%,138,0%,139,0%,0,0%,0,0%,366,1%,56872,,,,
Winchester,SE,England,Con,9050,83.5,34522,54%,3039,5%,25472,40%,586,1%,0,0%,0,0%,0,0%,292,0%,63911,,,,
Windsor,SE,England,Con,18247,67.3,28036,56%,9789,20%,9441,19%,1729,3%,152,0%,0,0%,0,0%,884,2%,50031,,,,
Wirral West,NW,England,Lab,455,77.7,24863,44%,25318,45%,3204,6%,1416,3%,1245,2%,0,0%,0,0%,0,0%,56046,,,,
Witham,EE,England,Con,25669,69.4,34777,67%,9108,17%,5214,10%,3006,6%,0,0%,0,0%,0,0%,0,0%,52105,,,,
Witney,SE,England,Con,15674,69.7,28355,58%,7520,15%,12681,26%,0,0%,9,0%,0,0%,0,0%,274,1%,48839,,,,
Woking,SE,England,Con,8683,70.4,24358,48%,8444,17%,15675,31%,1398,3%,0,0%,0,0%,0,0%,600,1%,50475,,,,
Wokingham,SE,England,Con,12750,78.3,30524,55%,5423,10%,17774,32%,1211,2%,0,0%,0,0%,0,0%,80,0%,55012,,,,
Wolverhampton North East,WM,England,Con,7847,56.2,22034,56%,14187,36%,1412,4%,725,2%,1206,3%,0,0%,0,0%,0,0%,39564,,,,
Wolverhampton South East,WM,England,Lab,2373,50.5,15743,41%,18116,47%,1457,4%,648,2%,2263,6%,0,0%,0,0%,0,0%,38227,,,,
Wolverhampton West,WM,England,Con,934,67.4,24131,47%,23197,46%,2222,4%,124,0%,1264,2%,0,0%,0,0%,0,0%,50938,,,,
Worcester,WM,England,Con,6758,68.8,25856,51%,19098,38%,3666,7%,1694,3%,0,0%,0,0%,0,0%,584,1%,50898,,,,
Worsley and Eccles,NW,England,Lab,3961,64.4,19097,39%,23058,47%,2607,5%,1260,3%,3541,7%,0,0%,0,0%,0,0%,49563,,,,
Worthing West,SE,England,Con,13912,68.9,29433,56%,15521,30%,5213,10%,1904,4%,0,0%,0,0%,0,0%,489,1%,52560,,,,
Wycombe,SE,England,Con,1494,65.3,20213,43%,18719,40%,5310,11%,1209,3%,0,0%,0,0%,0,0%,1441,3%,46892,,,,
Wyre Forest,WM,England,Con,21413,65.7,32960,65%,11547,23%,4081,8%,1973,4%,0,0%,0,0%,0,0%,0,0%,50561,,,,
Wythenshawe and Sale East,NW,England,Lab,10396,58.2,13459,30%,23855,53%,3111,7%,1559,3%,2717,6%,0,0%,0,0%,58,0%,44759,,,,
Yeovil,SW,England,Con,14638,71.2,31477,58%,3419,6%,16839,31%,1518,3%,0,0%,0,0%,0,0%,875,2%,54128,,,,
York Central,YH,England,Lab,14342,66.9,13918,28%,28260,56%,3919,8%,2098,4%,1216,2%,0,0%,0,0%,691,1%,50102,,,,
York Outer,YH,England,Con,10782,75.3,27173,50%,16391,30%,10222,19%,9,0%,263,0%,0,0%,0,0%,692,1%,54750,,,,
Aberdeen North,SC,Scotland,SNP,14210,65.2,12306,25%,6005,12%,3875,8%,612,1%,813,2%,26516,53%,0,0%,0,0%,50127,,,,
Aberdeen South,SC,Scotland,SNP,5463,65.5,17220,34%,4394,9%,5358,11%,268,1%,195,0%,22683,45%,0,0%,0,0%,50118,,,,
Aberdeenshire North and Moray East,SC,Scotland,Con,2399,64.2,22174,48%,1914,4%,2028,4%,0,0%,0,0%,19775,43%,0,0%,0,0%,45891,,,,
Airdrie and Shotts,SC,Scotland,SNP,5324,65.8,8000,17%,15343,33%,1652,4%,676,1%,0,0%,20667,45%,0,0%,0,0%,46338,,,,
Alloa and Grangemouth,SC,Scotland,SNP,12727,63.2,11323,25%,6622,15%,2426,5%,678,1%,177,0%,24050,53%,0,0%,382,1%,45658,,,,
Angus and Perthshire Glens,SC,Scotland,SNP,6005,73.4,22504,40%,2402,4%,2803,5%,0,0%,329,1%,28509,50%,0,0%,0,0%,56547,,,,
Arbroath and Broughty Ferry,SC,Scotland,SNP,10777,67.9,15773,30%,5321,10%,4168,8%,0,0%,0,0%,26550,51%,0,0%,312,1%,52124,,,,
"Argyll, Bute and South Lochaber",SC,Scotland,SNP,4897,70.7,17506,35%,3592,7%,7172,14%,0,0%,54,0%,22403,44%,0,0%,0,0%,50727,,,,
"Ayr, Carrick and Cumnock",SC,Scotland,SNP,2329,64.7,17943,39%,6219,13%,2158,5%,0,0%,0,0%,20272,44%,0,0%,0,0%,46592,,,,
Bathgate and Linlithgow,SC,Scotland,SNP,8671,65.9,11635,25%,8874,19%,3881,8%,1029,2%,904,2%,20306,43%,0,0%,588,1%,47217,,,,
"Berwickshire, Roxburgh and Selkirk",SC,Scotland,Con,5148,71.2,25747,48%,2513,5%,4287,8%,0,0%,0,0%,20599,39%,0,0%,0,0%,53146,,,,
"Caithness, Sutherland and Easter Ross",SC,Scotland,SNP,2788,70.1,9139,17%,2799,5%,17710,34%,336,1%,1510,3%,20498,39%,0,0%,728,1%,52720,,,,
Central Ayrshire,SC,Scotland,SNP,5304,66.7,16182,35%,6583,14%,2283,5%,0,0%,0,0%,21486,46%,0,0%,0,0%,46534,,,,
Coatbridge and Bellshill,SC,Scotland,SNP,5084,63.3,5444,12%,16646,36%,1375,3%,701,2%,0,0%,21730,47%,0,0%,0,0%,45896,,,,
Cowdenbeath and Kirkcaldy,SC,Scotland,SNP,3220,67,10482,22%,13902,29%,3048,6%,1655,4%,939,2%,17122,36%,0,0%,0,0%,47148,,,,
Cumbernauld and Kirkintilloch,SC,Scotland,SNP,12005,68.3,7243,15%,13079,27%,2691,6%,115,0%,0,0%,25084,52%,0,0%,0,0%,48212,,,,
Dumfries and Galloway,SC,Scotland,Con,1556,68.3,22999,44%,4923,9%,3135,6%,0,0%,0,0%,21443,41%,0,0%,0,0%,52500,,,,
"Dumfriesshire, Clydesdale and Tweeddale",SC,Scotland,Con,4338,72,23649,46%,4223,8%,3713,7%,0,0%,0,0%,19311,38%,0,0%,0,0%,50896,,,,
Dundee Central,SC,Scotland,SNP,15221,62,5161,11%,11126,24%,2586,6%,0,0%,1191,3%,26347,56%,0,0%,240,1%,46651,,,,
Dunfermline and Dollar,SC,Scotland,SNP,10073,68.7,10429,21%,11463,24%,4105,8%,1085,2%,1,0%,21536,44%,0,0%,0,0%,48619,,,,
East Kilbride and Strathaven,SC,Scotland,SNP,13169,68.8,11042,21%,11142,22%,3556,7%,1074,2%,0,0%,24311,47%,0,0%,559,1%,51684,,,,
East Renfrewshire,SC,Scotland,SNP,5426,75.9,19451,35%,6855,12%,4174,8%,0,0%,0,0%,24877,45%,0,0%,0,0%,55357,,,,
Edinburgh East and Musselburgh,SC,Scotland,SNP,11796,69,7354,14%,13791,26%,3642,7%,1879,4%,0,0%,25587,49%,0,0%,0,0%,52253,,,,
Edinburgh North and Leith,SC,Scotland,SNP,12983,76.7,10362,18%,12790,22%,7364,13%,1920,3%,508,1%,25773,44%,0,0%,138,0%,58855,,,,
Edinburgh South,SC,Scotland,Lab,10795,74.7,8922,17%,24508,46%,4344,8%,1542,3%,0,0%,13713,26%,0,0%,0,0%,53029,,,,
Edinburgh South West,SC,Scotland,SNP,11982,71.1,12848,25%,7478,14%,4971,10%,1265,2%,625,1%,24830,48%,0,0%,114,0%,52131,,,,
Edinburgh West,SC,Scotland,LD,2888,71.7,9922,18%,4787,9%,21037,38%,1079,2%,50,0%,18149,33%,0,0%,0,0%,55024,,,,
Falkirk,SC,Scotland,SNP,12578,64.9,12632,26%,5880,12%,3304,7%,1511,3%,176,0%,25210,52%,0,0%,0,0%,48713,,,,
Glasgow East,SC,Scotland,SNP,6276,59,5071,12%,13779,33%,1689,4%,566,1%,25,0%,20055,49%,0,0%,0,0%,41185,,,,
Glasgow North,SC,Scotland,SNP,5582,56.7,3658,9%,14172,34%,2156,5%,1553,4%,246,1%,19754,48%,0,0%,0,0%,41539,,,,
Glasgow North East,SC,Scotland,SNP,4277,56.7,4686,11%,16098,38%,1449,3%,65,0%,0,0%,20375,48%,0,0%,0,0%,42673,,,,
Glasgow South,SC,Scotland,SNP,9151,68,6161,13%,14298,29%,2922,6%,1266,3%,452,1%,23449,48%,0,0%,0,0%,48548,,,,
Glasgow South West,SC,Scotland,SNP,5533,61.1,5423,13%,14561,34%,1892,4%,358,1%,695,2%,20094,47%,0,0%,0,0%,43023,,,,
Glasgow West,SC,Scotland,SNP,9728,65.2,7254,15%,13236,28%,3554,8%,180,0%,74,0%,22964,49%,0,0%,0,0%,47262,,,,
Glenrothes and Mid Fife,SC,Scotland,SNP,9352,60.6,6482,15%,11569,27%,1876,4%,146,0%,1284,3%,20921,49%,0,0%,0,0%,42278,,,,
Gordon and Buchan,SC,Scotland,Con,3224,67.8,21874,46%,1666,4%,5401,11%,0,0%,0,0%,18650,39%,0,0%,0,0%,47591,,,,
Hamilton and Clyde Valley,SC,Scotland,SNP,7758,63.6,12076,25%,12846,27%,1816,4%,79,0%,0,0%,20604,43%,0,0%,0,0%,47421,,,,
Inverclyde and Renfrewshire West,SC,Scotland,SNP,8933,65.8,8284,18%,13062,28%,2982,6%,0,0%,0,0%,21995,47%,0,0%,0,0%,46323,,,,
"Inverness, Skye and West Ross-shire",SC,Scotland,SNP,12865,66,11852,23%,4771,9%,7677,15%,724,1%,1042,2%,24717,49%,0,0%,0,0%,50783,,,,
Kilmarnock and Loudoun,SC,Scotland,SNP,12659,63.7,11557,24%,9009,19%,2444,5%,0,0%,0,0%,24216,51%,0,0%,405,1%,47631,,,,
Livingston,SC,Scotland,SNP,12424,65.3,10800,22%,10851,22%,3056,6%,1272,3%,0,0%,23275,47%,0,0%,0,0%,49254,,,,
Lothian East,SC,Scotland,SNP,2207,71.2,13956,27%,15464,30%,3193,6%,0,0%,0,0%,17671,35%,0,0%,493,1%,50777,,,,
Mid Dunbartonshire,SC,Scotland,SNP,1986,78,9118,16%,5520,9%,20193,34%,916,2%,0,0%,22179,38%,0,0%,626,1%,58552,,,,
Midlothian,SC,Scotland,SNP,5705,67.7,10467,22%,14328,30%,3393,7%,0,0%,0,0%,20033,42%,0,0%,0,0%,48221,,,,
"Moray West, Nairn and Strathspey",SC,Scotland,SNP,2906,73.8,23035,41%,2606,5%,3307,6%,649,1%,321,1%,25941,46%,0,0%,413,1%,56272,,,,
"Motherwell, Wishaw and Carluke",SC,Scotland,SNP,8294,62.1,9537,21%,12344,27%,1781,4%,0,0%,0,0%,20638,46%,0,0%,619,1%,44919,,,,
Na h-Eileanan an Iar,SC,Scotland,SNP,2438,68.4,3216,22%,4093,28%,637,4%,0,0%,0,0%,6531,45%,0,0%,0,0%,14477,,,,
North Ayrshire and Arran,SC,Scotland,SNP,8521,65.4,14855,31%,6702,14%,2107,4%,1114,2%,0,0%,23376,49%,0,0%,0,0%,48154,,,,
North East Fife,SC,Scotland,SNP,728,74.1,7126,14%,2859,5%,20643,40%,0,0%,184,0%,21371,41%,0,0%,0,0%,52183,,,,
Orkney and Shetland,SC,Scotland,LD,2507,66.5,2287,10%,1550,7%,10381,45%,0,0%,900,4%,7874,34%,0,0%,168,1%,23160,,,,
Paisley and Renfrewshire North,SC,Scotland,SNP,11753,66.9,9134,20%,11103,24%,3539,8%,0,0%,146,0%,22856,49%,0,0%,0,0%,46778,,,,
Paisley and Renfrewshire South,SC,Scotland,SNP,11023,66,8366,18%,11910,26%,2869,6%,0,0%,0,0%,22933,50%,0,0%,0,0%,46078,,,,
Perth and Kinross-shire,SC,Scotland,SNP,2364,74,23198,41%,2818,5%,4505,8%,0,0%,402,1%,25562,45%,0,0%,0,0%,56485,,,,
Rutherglen,SC,Scotland,SNP,5855,68.4,8462,17%,15272,31%,3526,7%,0,0%,0,0%,21127,43%,0,0%,629,1%,49016,,,,
Stirling and Strathallan,SC,Scotland,SNP,8556,75.1,20254,35%,4424,8%,3381,6%,942,2%,0,0%,28810,50%,0,0%,0,0%,57811,,,,
West Aberdeenshire and Kincardine,SC,Scotland,Con,843,72.4,22752,43%,2431,5%,6253,12%,0,0%,0,0%,21909,41%,0,0%,0,0%,53345,,,,
West Dunbartonshire,SC,Scotland,SNP,9841,66.3,6606,14%,13322,29%,1949,4%,867,2%,0,0%,23163,50%,0,0%,708,2%,46615,,,,
Aberafan Maesteg,WA,Wales,Lab,13457,63.6,10052,23%,23509,53%,1645,4%,701,2%,3794,9%,0,0%,3991,9%,731,2%,44423,,,,
Alyn and Deeside,WA,Wales,Lab,411,69.2,21963,42%,22374,43%,3095,6%,0,0%,3137,6%,0,0%,1781,3%,0,0%,52350,,,,
Bangor Aberconwy,WA,Wales,Con,749,68.7,19355,40%,18606,38%,2142,4%,0,0%,455,1%,0,0%,7849,16%,0,0%,48407,,,,
Blaenau Gwent and Rhymney,WA,Wales,Lab,12969,59.2,8246,20%,21215,50%,1576,4%,418,1%,7574,18%,0,0%,2687,6%,378,1%,42094,,,,
"Brecon, Radnor and Cwm Tawe",WA,Wales,Con,9091,72.5,24368,47%,9164,18%,15277,29%,221,0%,964,2%,0,0%,1692,3%,590,1%,52276,,,,
Bridgend,WA,Wales,Con,2553,66,20531,44%,17978,38%,2453,5%,868,2%,2437,5%,0,0%,2441,5%,0,0%,46708,,,,
Caerfyrddin,WA,Wales,Con,4529,73.4,20891,39%,13380,25%,686,1%,0,0%,2023,4%,0,0%,16362,31%,0,0%,53342,,,,
Caerphilly,WA,Wales,Lab,6901,62.2,12882,29%,19783,44%,323,1%,164,0%,5287,12%,0,0%,6630,15%,0,0%,45069,,,,
Cardiff East,WA,Wales,Lab,"17,079",64.6,10626,23%,27705,59%,5752,12%,300,1%,1617,3%,0,0%,294,1%,487,1%,"46,781",,,,
Cardiff North,WA,Wales,Lab,7579,76.9,19551,36%,27130,50%,3582,7%,820,1%,1450,3%,0,0%,1888,3%,288,1%,54709,,,,
Cardiff South and Penarth,WA,Wales,Lab,11851,69.7,15179,30%,27030,54%,3528,7%,1153,2%,1389,3%,0,0%,2091,4%,0,0%,50370,,,,
Cardiff West,WA,Wales,Lab,10546,70.2,15505,30%,26051,50%,2749,5%,1141,2%,1917,4%,0,0%,4419,9%,159,0%,51941,,,,
Ceredigion Preseli,WA,Wales,PC,1443,69.8,14602,28%,10733,21%,7561,15%,663,1%,2063,4%,0,0%,16045,31%,0,0%,51667,,,,
Clwyd East,WA,Wales,Con,5284,69.1,25324,48%,20040,38%,2823,5%,0,0%,2173,4%,0,0%,2460,5%,0,0%,52820,,,,
Clwyd North,WA,Wales,Con,2834,67.4,23479,46%,20645,40%,2501,5%,0,0%,951,2%,0,0%,3713,7%,0,0%,51289,,,,
Dwyfor Meirionnydd,WA,Wales,PC,9880,69.6,13230,26%,11541,23%,79,0%,0,0%,2558,5%,0,0%,23110,46%,0,0%,50518,,,,
Gower,WA,Wales,Lab,3181,70.6,21631,40%,24812,46%,3182,6%,2,0%,1863,3%,0,0%,2741,5%,0,0%,54231,,,,
Llanelli,WA,Wales,Lab,3793,62.8,13463,31%,17256,39%,0,0%,0,0%,3893,9%,0,0%,9280,21%,0,0%,43892,,,,
Merthyr Tydfil and Aberdare,WA,Wales,Lab,13410,57.6,8882,21%,22292,52%,1434,3%,0,0%,4621,11%,0,0%,3513,8%,2364,5%,43106,,,,
Mid and South Pembrokeshire,WA,Wales,Con,8621,71.6,29072,53%,20451,37%,2531,5%,0,0%,0,0%,0,0%,2917,5%,0,0%,54971,,,,
Monmouthshire,WA,Wales,Con,10837,72.7,27568,52%,16731,32%,5071,10%,1333,3%,451,1%,0,0%,1283,2%,435,1%,52872,,,,
Montgomeryshire and Glyndwr,WA,Wales,Con,14765,69,27466,54%,12701,25%,8595,17%,0,0%,700,1%,0,0%,1019,2%,727,1%,51208,,,,
Neath and Swansea East,WA,Wales,Lab,"8,451",60,12651,28%,21102,47%,1849,4%,776,2%,3965,9%,0,0%,3820,9%,661,1%,"44,824",,,,
Newport East,WA,Wales,Lab,5239,60.9,16799,36%,22038,47%,2651,6%,871,2%,2843,6%,0,0%,1203,3%,0,0%,46405,,,,
Newport West and Islwyn,WA,Wales,Lab,2001,63.7,18285,38%,20286,42%,2474,5%,947,2%,4301,9%,0,0%,2244,5%,0,0%,48537,,,,
Pontypridd,WA,Wales,Lab,8798,61.8,12456,27%,21254,47%,639,1%,101,0%,3855,8%,0,0%,4963,11%,2311,5%,45579,,,,
Rhondda and Ogmore,WA,Wales,Lab,17377,57.8,6572,15%,23949,56%,969,2%,590,1%,4902,12%,0,0%,5290,12%,277,1%,42549,,,,
Swansea West,WA,Wales,Lab,10037,59.2,12672,29%,22709,51%,2834,6%,367,1%,3022,7%,0,0%,2595,6%,0,0%,44199,,,,
Torfaen,WA,Wales,Lab,4110,61.7,14506,33%,18616,43%,2157,5%,966,2%,5742,13%,0,0%,1566,4%,0,0%,43553,,,,
Vale of Glamorgan,WA,Wales,Con,2566,71,24535,49%,21969,44%,0,0%,2981,6%,0,0%,0,0%,0,0%,508,1%,49993,,,,
Wrexham,WA,Wales,Con,3939,66.4,21933,47%,17994,38%,2013,4%,445,1%,1778,4%,0,0%,2960,6%,0,0%,47123,,,,
Ynys Môn,WA,Wales,Con,1968,69.7,12959,35%,10991,30%,0,0%,0,0%,2184,6%,0,0%,10418,29%,0,0%,36552,,,,