,Conservative Candidate,Labour Candidate,Lib Dem Candidate,Reform UK Candidate,Green Candidate,SNP Candidate,Plaid Cymru Candidate,Other Candidates
Aberafan Maesteg,Abigail Mainon,Stephen Kinnock,Justin Mark Griffiths,Mark Griffiths,Nigel Hill,,Colin John Deere,"['Captain Beany', 'Rhiannon Morrissey']"
Aberdeen North,Gillian Tebberen,Lynn Thomson,Desmond Bouse,Kenneth Leggat,Esme Houston,Kirsty Blackman,,"['Charlie Abel', 'Lucas Grant', 'Dawn Smith']"
Aberdeenshire North and Moray East,Douglas Gordon Ross,Andy Brown,Ian Bailey,Jo Hart,,Seamus Logan,,[]
Aberdeen South,John Wheeler,M. Tauqeer Malik,Jeff Goodhall,Michael Pearce,Guy Ingerson,Stephen Flynn,,"['Graeme Craib', 'Sophie Molly']"
Airdrie and Shotts,Alexandra Herdman,Kenneth Stevenson,Lewis Younie,David Hall,,Anum Qaisar,,"['John Jo Leckie', 'Josh Robertson']"
Aldershot,Leo Docherty,Alex Baker,Paul Harris,Trevor Lloyd-Jones,Edward John Neville,,,['Steve James-Bailey']
Aldridge-Brownhills,Wendy Morton,Luke John Davies,Ian Garrett,Graham Eardley,Clare Nash,,,[]
Alloa and Grangemouth,Rachel Nunn,Brian Leishman,Adrian May,Richard Fairley,Nariese Whyte,John Nicolson,,"['Eva Comrie', 'Tom Flanagan', 'Kenny MacAskill']"
Altrincham and Sale West,Oliver Carroll,Connor Rand,Jane Brophy,Paul James Swansborough,Geraldine Coggins,,,['Faisal Kabir']
Alyn and Deeside,Jeremy Kent,Mark Tami,Richard Marbrow,Vicki Roskams,Karl Macnaughton,,Jack Morris,['Edwin Duggan']
Amber Valley,Nigel Mills,Linsey Farnsworth,Kate Smith,Alex Stevenson,Matt McGuinness,,,[]
Angus and Perthshire Glens,Stephen Charles  Kerr,Elizabeth Carr-Ellis,Claire Margaret McLaren,Kenneth Morton,,Dave Doogan,,['Dan Peña']
Arbroath and Broughty Ferry,Richard John Brooks,Cheryl-Ann Cruickshank,David Ronald Evans,Gwen Wood,,Stephen Patrick Gethins,,"['Moira Macpherson Brown', 'Ghazi Khan']"
"Argyll, Bute and South Lochaber",Amanda Jane Hargreaves Hampsey,Hamish Maxwell,Alan Reid,Melanie Hurst,,Brendan O'Hara,,['Tommy Macpherson']
Arundel and South Downs,Andrew Griffith,Chris Philipsborn,Richard James Allen,David Thomas,Steve McAuliffe,,,['Mike Smith']
Ashfield,Debbie Soloman,Rhea Keehn,Daniel Holmes,Lee Anderson,Alexander Coates,,,['Jason Zadrozny']
Ashford,Damian Howard Green,Sojan Joseph,Adam James Rowledge,Tristram John Kennedy Harper,Mandy Rossi,,,['James Gordon Ransley']
Ashton-under-Lyne,Lizzie Hacking,Angela Rayner,Dominic FT Hardwick,Robert Barrowcliffe,Lee Alan Huntbach,,,['Aroma Hassan']
Aylesbury,Rob Butler,Laura Elizabeth Kyrke-Smith,Steven Lambert,Lesley Ann Taylor,Julie Elizabeth Atkins,,,"['Jan Gajdos', 'Richard Lewis Wilding']"
"Ayr, Carrick and Cumnock",Martin Dowey,Elaine Stewart,Paul Kennedy,Andrew Russell,Korin Matthew Vallance,Allan Dorans,,['Corri Wilson']
Banbury,Victoria Prentis,Sean Woodcock,Elizabeth Adams,Paul Nicholas Topley,Arron John Baker,,,"['Cassi Bellingham', 'Chris Nevile', 'Declan Soper']"
Bangor Aberconwy,Robin Millar,Claire Hughes,Rachael Roberts,John Clark,Petra Haig,,Catrin Elen Wager,"['Kathrine Jones', 'Steve Marshall']"
Barking,Julie Redmond,Nesil Caliskan,Charley Hasted,Clive Peacock,Simon Ronald Anthony,,,"['Muhammad Asim', 'Lucy Baiye-Gaman', 'Dee Dias']"
Barnsley North,Tamas Kovacs,Dan Jarvis,Penny Baker,Robert Lomas,Tom Heyes,,,"['Tony Devoy', 'Neil Fisher', 'Janus Polenceusz']"
Barnsley South,Suzanne Pearson,Stephanie Peacock,Simon Clement-Jones,David White,Trevor Mayne,,,"['Simon David Watson Biltcliffe', 'Terry Robinson', 'Maxine Spencer']"
Barrow and Furness,Simon Fell,Michelle Scrogham,Adrian Waite,Barry Morgan,Lorraine Wrennall,,,['Lisa Morgan']
Basildon and Billericay,Richard John Holden,Alex Harrison,Edward Krishan Sainsbury,Stephen Conlay,Stewart Goshawk,,,"['Christopher David Bateman', 'Dave Murray']"
Basingstoke,Maria Miller,Luke Murphy,Richard Whelan,Ray Saint,Michael Howard-Sorrell,,,['Alan Harvey Stone']
Bassetlaw,Brendan Clarke-Smith,Jo White,Helen Tamblyn-Saville,Frank Ward,Rachel Sara Reeves,,,[]
Bath,James Wright,Daniel Bewley,Wera Hobhouse,Teresa Hall,Dom Tristram,,,"['Matthew Alford', 'A.N.ON', 'Colin David Blackburn', 'Bill Blockhead']"
Bathgate and Linlithgow,Lynn Munro,Kirsteen Sullivan,Sally Pattle,Jamie McNamee,Simon Jay,Martyn Day,,"['John Hannah', 'Stuart James McArthur']"
Battersea,Tom Pridham,Marsha de Cordova,Francis Chubb,Barry Edwards,Joe Taylor,,,"['Georgina Burford-Connole', 'Ed Dampier', 'Dan Smith', 'Jake Thomas']"
Beaconsfield,Joy Morrissey,Matthew Patterson,Anna Victoria Crabtree,John Anthony Sydney Halsall,Dominick Pegram,,,"['Pippa Allen', 'Cole Derek Antony Caesar', 'Catherine Harker']"
Beckenham and Penge,Hannah Gray,Liam Conlon,Chloe-Jane Ross,Edward Apostolides,Ruth Fabricant,,,[]
Bedford,Pinder Jit Chauhan,Mohammad Yasin,Henry Vann,Matt Lansley,Ben Foley,,,"['Sadik Chaudhury', 'Tarek Javed']"
Belfast East,,,,,Brian Smyth,,,"['Séamas de Faoite', 'Naomi Long', 'Ryan North', 'Gavin Robinson', 'John Ross', 'Ryan Warren']"
Belfast North,,,,,Mal O'Hara,,,"['Phillip Brett', 'David Clarke', 'Fiona Ferguson', 'John Finucane', 'Nuala McAllister', 'Carl Whyte']"
Belfast South and Mid Down,,,,,Áine Groogan,,,"['Dan Boucher', 'Claire Hanna', 'Michael Henderson', 'Tracy Kelly', 'Kate Nicholl']"
Belfast West,,,,,Ash Jones,,,"['Gerry Carroll', 'Paul Doherty', 'Gerard Herdman', 'Tony Mallon', 'Paul Maskey', 'Ann McClure', 'Frank McCoubrey', 'Eóin Millar', 'Ben Sharkey']"
Bermondsey and Old Southwark,Jonathan Iliff,Neil Coyle,Rachel Bentley,Tony Sharp,Susan Elizabeth Hunter,,,"['Piers Corbyn', 'Barry Colin Duckett', 'Niko Omilana']"
"Berwickshire, Roxburgh and Selkirk",John Lamont,Caitlin Stott,Ray Georgeson,Carolyn Grant,Neil MacKinnon,David James Wilson,,"['Hamish Goldie-Scot', 'Ellie Merton']"
Bethnal Green and Stepney,Oscar Reaney,Rushanara Ali,Rabina Khan,Peter Sceats,Phoebe Gill,,,"['Reggie Adams', 'Md Somon Ahmed', 'Vanessa Hudson', 'Jonathon Mabbutt', 'Ajmal Masroor', 'Sham Uddin']"
Beverley and Holderness,Graham Stuart,Margaret Pinder,Denis Healy,Andy Smith,Jonathan Stephenson,,,"['Chris Collin', 'George McManus', 'John Ottaway']"
Bexhill and Battle,Kieran Mullan,Christine Bayliss,Becky Jones,Ian Gribbin,Jonathan Christopher Kent,,,"['Abul Azad', 'Nigel Adam Jacklin', 'Julia Long', 'Jeff Newnham', 'Colin Martin Sullivan']"
Bexleyheath and Crayford,Mark James Brooks,Daniel Francis,David McBride,Tom Bright,George Edgar,,,[]
Bicester and Woodstock,Rupert Harrison,Veronica Oakeshott,Calum Miller,Augustine Obodo,Ian Middleton,,,['Tim Funnell']
Birkenhead,Sarah Payne,Alison McGovern,Stuart Kelly,Tony Stanley,Jo Bird,,,['Catherine Evans']
Birmingham Edgbaston,Ashvir Sangha,Preet Kaur Gill,Colin Green,Joshua Matthews,Nicola Catherine Payne,,,['Ammar Waraich']
Birmingham Erdington,Steve Knee,Paulette Hamilton,Farzana Ann Aslam,Jack Brookes,Karen Trench,,,"['Shaukat Ali', 'Corinthia Ward']"
Birmingham Hall Green and Moseley,Henry Stephen Whitlock Morris,Tahir Ali,Izzy Knowles,Stephen Gerard McBrine,Zain Ahmed,,,"['Shakeel Afsar', 'Mohammad Hafeez', 'Babar Saleem Raja']"
Birmingham Hodge Hill and Solihull North,Caroline Clapper,Liam Byrne,Qasim Mohammed Esak,Jamie Pullin,Imran Ali Khan,,,['James Giles']
Birmingham Ladywood,Shazna Muzammil,Shabana Mahmood,Lee Dargue,Irene Yoong-Henery,Zoe Challenor,,,['Akhmed Yakoob']
Birmingham Northfield,Gary Sambrook,Laurence Turner,Jerry Evans,Stephen Peters,Rob Grant,,,"['Dean Gwilliam', 'Altaf Hussain', 'Dick Rodgers']"
Birmingham Perry Barr,Garry Hickton,Khalid Mahmood,Sabah Hamed,Akshay Khuttan,Kefentse Dennis,,,"['Ayoub Khan', 'Niko Omilana', 'Shangara Singh']"
Birmingham Selly Oak,Simon Dennis Phipps,Alistair Carns,Dave Radcliffe,Erin Crawford,Jane Baston,,,['Kamel Hawwash']
Birmingham Yardley,Yvonne Beverley Clements,Jess Phillips,Roger Harmer,Nora Kamberi,Roxanne Green,,,['Jody McIntyre']
Bishop Auckland,Jane MacBean,Sam Rushworth,Helen Cross,Rhys Burriss,Sarah Hannan,,,['Rachel Maughan']
Blackburn,Jamie McGowan,Kate Hollern,Adam Waller-Slack,Tommy Temperley,Denise Morgan,,,"['Adnan Hussain', 'Craig Murray', 'Tiger Patel', 'Natasha Shah']"
Blackley and Middleton South,Iftikhar Ahmed,Graham Stringer,Iain Donaldson,Alison Devine,Dylan Lewis-Creser,,,[]
Blackpool North and Fleetwood,Paul Maynard,Lorraine Beavers,Bill Greene,Dan Barker,Tina Rothery,,,"['Jeannine Cresswell', 'Gita Gordon', 'James Antony Lionel Michael Rust']"
Blackpool South,Zak Farhan Khan,Chris Webb,Andy Cregan,Mark Anthony Butcher,Ben Thomas,,,"['Stephen Justin Black', 'Kim Sherrie Knight']"
Blaenau Gwent and Rhymney,Hannah Jarvis,Nick Smith,Jackie Charlton,,Anne Baker,,Niamh Salkeld,"['Robert Griffiths', 'Yas Iqbal', 'Mike Whatley']"
Blaydon and Consett,Angela Sterling,Liz Twist,Vicky Anderson,David Ayre,Richard Edwin Simpson,,,['Paul Topping']
Blyth and Ashington,Maureen Levy,Ian Lavery,Stephen Anthony Psallidas,Mark Peart,Steve Leyland,,,[]
Bognor Regis and Littlehampton,Ali Griffiths,Clare Louise Walsh,Henry Jones,Sandra Elizabeth Daniells,Carol Birch,,,['David Kurten']
Bolsover,Mark Fletcher,Natalie Fleet,David Hancock,Robert Reaney,David Kesteven,,,[]
Bolton North East,Adele Kay Warren,Kirith Entwistle,Rebecca Forrest,Trevor Jones,Hanif Alli,,,"['Kevin Allsop', 'Syeda Misbah Kazmi', 'John Partington']"
Bolton South and Walkden,Mohammed Afzal,Yasmin Qureshi,Gemma-Jane Bowker,Julie Pattison,Philip Kochitty,,,"['Don Prof Reis Abraham Halliwell Prf', 'Jack Khan']"
Bolton West,Chris Green,Phil Brickell,Donald Mcintosh,Dylan Evans,Vicki Helen Attenborough,,,['Patrick Robert McGrath']
Bootle,Rowena Bass,Peter Dowd,John Gibson,Darren Burns,Neil Anthony Doolin,,,['Ian Smith']
Boston and Skegness,Matt Warman,Alex Fawbert,Richard Gordon Lloyd,Richard Tice,Chris Moore,,,"['David Dickason', 'Mike Gilbert']"
Bournemouth East,Tobias Ellwood,Tom Hayes,Jon Nicholas,Martin Houlden,Joe Salmon,,,"['Miles Penn', 'Kieron Wilson']"
Bournemouth West,Conor Burns,Jessica Toale,Jeff Hanna,Ben Aston,Darren Jones,,,"['Julie Vivienne', 'David Warden']"
Bracknell,James Sunderland,Peter Swallow,Katie Mansfield,Malcolm Tullett,Emily Torode,,,"['Olivio Barreto', 'Jason Peter Reardon']"
Bradford East,Aubrey Holt,Imran Hussain,Robert Michael St John O'Carroll,Jacob Pereira Anstey,Celia Hickson,,,"['Lara Joy Barras', 'Mohammed Sayfur Rahman', 'Amer Rehman', 'Richard David Riley', 'Talat Sajawal']"
Bradford South,Zaf Shah,Judith Cummins,Anthony Smith,Ian Peter Eglin,Matt Edwards,,,"['Rehiana Ali', 'Jonathan Daniel Stewart Barras', 'Harry Boota', 'Thérèse Hirst']"
Bradford West,Nigel David Moxon,Naz Shah,Imad Uddin Ahmed,Jamie  Hinton-Wardle,Khalid Mahmood,,,"['Umar Ghafoor', 'Akeel Hussain', 'Muhammed Ali Islam']"
Braintree,James Cleverly,Matthew Wright,Kieron Anthony Franks,Richard Thomson,Paul Thorogood,,,['David Heather']
"Brecon, Radnor and Cwm Tawe",Fay Jones,Matthew Dorrance,David Chadwick,Adam Hill,Ammi Kaur-Dhaliwal,,Emily Durrant-Munro,"['Jonathan Harrington', 'Lady Lily The Pink']"
Brent East,Jamila Robertson,Dawn Butler,Jonny Singh,Zbigniew Kowalczyk,Nida Al-Fulaij,,,"['Jenner Clarence Joseph Folwell', 'Amin Moafi', 'James Mutimer', 'Aadil Shaikh']"
Brentford and Isleworth,Laura Blumenthal,Ruth Cadbury,Kuldev Singh Sehra,David Kerr,Freya Summersgill,,,"['Nisar Ahmed Malik', 'Zebunisa Rao']"
Brent West,Sushil Rapatwar,Barry Gardiner,Paul Lorber,Ian Collier,Bastôn De'Medici-Jaguar,,,['Nadia Klok']
Brentwood and Ongar,Alex Burghart,Gareth Barrett,David John Kendall,Paul Godfrey,RJ Learmouth,,,['Robin Tilbrook']
Bridgend,Anita Boateng,Chris Elmore,Claire Waller,Caroline Jones,Debra Cooper,,Iolo Caudy,['Mark Richard John']
Bridgwater,Ashley Fox,Leigh Redman,Claire Sully,William Frederick Fagg,Charles Graham,,,"['Pelé Barnes', 'Gregory Peter Gerrard Tanner']"
Bridlington and The Wolds,Charlie Dewhirst,Sarah Carter,Jayne Phoenix,Maria Bowtell,Gill Leek,,,"['Tom Cone', 'Tim Norman', 'Carlo Verda']"
Brigg and Immingham,Martin Vickers,Najmul Hussain,Eleanor Rylance,Paul Ladlow,Amie Alissa Watson,,,[]
Brighton Kemptown and Peacehaven,Khobi Anne Vallis,Chris Ward,Stewart Stone,,Elaine Hills,,,"['Valerie Gray', 'Emma Lucy Wall']"
Brighton Pavilion,Sarah Victoria Webster,Tom Gray,Ashley Ridley,Mark Francis Mulvihill,Siân Berry,,,"['Carl Buckfield', 'Citizen Skwith', 'AI Steve']"
Bristol Central,Samuel Williams,Thangam Debbonaire,Nicholas Coombes,Robert Clarke,Carla Denyer,,,['Kellie-Jay Keen']
Bristol East,Dan Conaghan,Kerry McCarthy,Tony Sutcliffe,,Ani Stafford-Townsend,,,"['Wael Mustapha Arafat', 'Claire Dunnage', 'Farooq Ahmed Siddique']"
Bristol North East,Rose Hulse,Damien Egan,Louise Harris,Anthony Michael New,Lorraine Francis,,,"['Asif Ali', 'Dan Smart', 'Tommy Trueman']"
Bristol North West,Laura Saunders,Darren Jones,Caroline Gooch,Scarlett O'Connor,Mary Page,,,['Ben Smith']
Bristol South,Liz Brennan,Karin Smyth,Andrew Charles Brown,Richard Visick,Jai Breitnauer,,,['Neil Norton']
Broadland and Fakenham,Jerome Mayhew,Iain Simpson,Leyla Hannbeck,Eric Philip Ashwell Masters,Jan Davis,,,[]
Bromley and Biggin Hill,Peter Fortune,Oana Olaru-Holmes,Julie Ireland,Alan Cook,Caroline Sandes,,,['Karen Miller']
Bromsgrove,Bradley Anthony Thomas,Neena Gill,David Nicholl,Glen Brampton,Talia Ellis,,,"['Sam Ammar', 'Aheesha Zahir']"
Broxbourne,Lewis Christopher Cocking,Catherine Deakin,Nick Belfitt,Tom Holdsworth,Owen George Brett,,,"['Brett Frewin', 'Martin Harvey']"
Broxtowe,Darren Henry,Juliet Campbell,James Collis,Joseph Oakley,Teresa Needham,,,"['Doctor John Doddy', 'Maqsood Syed']"
Buckingham and Bletchley,Iain Stewart,Callum Anderson,Dominic Dyer,Jordan Cattell,Amanda Onwuemene,,,['Ray Brady']
Burnley,Antony Higginbotham,Oliver Ryan,Gordon Birtwistle,Nathan Thomas McCollum,Jack Launer,,,"['Mitchell James Cryer', 'Rayyan Fiass', 'David Roper']"
Burton and Uttoxeter,Kate Kniveton,Jacob Collier,Sarah Philippa Jane Murray,James Bush,Anna Williams Westwood,,,['Azmat Mir']
Bury North,James Daly,James Frith,Mark Alcock,Lynda Rosewell,Owain Sutton,,,"['Shafat Ali', 'Spencer Donnelly', 'Anwarul Haq']"
Bury South,Arnie Saunders,Christian Wakeford,Andrew Page,Jeff Armstrong,Michael Welton,,,"['Sameera Ashraf', 'Michael Elston', 'Stephen Morris', 'Dan Ross']"
Bury St Edmunds and Stowmarket,Will Tanner,Peter Prinsley,Peter McDonald,Scott Hussey,Emma Buckmaster,,,"['Richard Baker-Howard', 'Jeremy Lee', 'Darren Turner']"
Caerfyrddin,Simon Hart,Martha Angharad O'Neil,Nicholas Paul Beckett,Bernard Holton,Will Beasley,,Ann Davies,"['Nancy Cole', 'David Mark Evans']"
Caerphilly,Brandon Gorman,Chris Evans,Steve Aicheler,Joshua Kim,Mark Thomas,,Lindsay Whittle,[]
"Caithness, Sutherland and Easter Ross",Fiona Fawcett,Eva Kestner,Jamie Stone,Sandra Skinner,Anne Thomas,Lucy Beattie,,['Steve Chisholm']
Calder Valley,Vanessa Jane Lee,Josh Fenton-Glynn,Donal O'Hanlon,Donald Walmsley,Kieran Turner,,,"['Jim McNeill', 'James David Vasey']"
Camborne and Redruth,Connor Donnithorne,Perran Moon,Thalia Simone Marrington,Roger Tarrant,Catherine Anne Hayes,,,"['Robert Hawkins', 'Paul Thomas Holmes']"
Cambridge,Shane Manning,Daniel Zeichner,Cheney Payne,,Sarah Louise Nicmanis,,,"['Khalid Abu-Tayyem', 'David Carmona', 'Keith Alexander Garrett']"
Cannock Chase,Amanda Milling,Josh Newbury,Elizabeth Jewkes,Paul Gregory Allen,Andrea Michelle Muckley,,,[]
Canterbury,Louise Harvey-Quirke,Rosie Duffield,Russ Timpson,Bridget Porter,Henry Stanton,,,['Luke Buchanan-Hodgman']
Cardiff East,Beatrice Brandon,Jo Stevens,Rodney Berman,Lee Canning,Sam Coates,,Cadewyn Skelley,['John Williams']
Cardiff North,Joel Williams,Anna McMorrin,Irfan Latif,Lawrence Gwynn,Meg Shepherd-Foster,,Malcolm Phillips,[]
Cardiff South and Penarth,Ellis Smith,Stephen Doughty,Alex Wilson,Simon Llewellyn,Anthony Slaughter,,Sharifah Rahman,[]
Cardiff West,James Robert Hamblin,Alex Barros-Curtis,Manda Rigby,Peter Meireon Hopkins,Jess Ryan,,Kiera Marshall,"['Neil John McEvoy', 'John Ernest Urquhart', 'Sean Wesley']"
Carlisle,John Stevenson,Julie Minns,Brian Wernham,Stephen Ward,Gavin Hawkton,,,"['Rachel Hayton', 'Thomas Alexander Ben Lynestrider', 'Sean Clifford Reed']"
Carshalton and Wallington,Elliot Colburn,Hersh Thaker,Bobby Dean,Elizabeth Cooper,Tracey Hague,,,"['Ashley Dickenson', 'Steve Kelleher', 'Atif Abdul Rashid']"
Castle Point,Rebecca Harris,Mark Jonathan Maguire,James Willis,Keiron Anthony McGill,Bob Chapman,,,[]
Central Ayrshire,David Rocks,Alan Gemmell,Elaine Ford,Kevin Thomas Blades,Tom Kerr,Annie McIndoe,,"['Allan MacMillan', 'Louise McDaid']"
Central Devon,Mel Stride,Ollie Pearson,Mark Wooding,Jeffrey Leeks,Gill Westcott,,,['Arthur Price']
Central Suffolk and North Ipswich,Patrick Spencer,Kevin Craig,Brett Alistair Mickelburgh,Tony Gould,Dan Pratt,,,"['Charlie Caiger', 'Mike Hallatt']"
Ceredigion Preseli,Aled Thomas,Jackie Jones,Mark Williams,Karl Robert Pollard,Tomos Barlow,,Ben Lake,['Taghrid Al-Mawed']
Chatham and Aylesford,Nathan Andrew Gamester,Tristan Osborne,Nicholas Chan,Thomas Mallon,Kim Winterbottom,,,"['Adedotun Adesola Ogundemuren', 'Steve Tanner', 'Matt Valentine']"
Cheadle,Mary Robinson,Kelly Fowler,Tom Morrison,Stephen George Speakman,Alexander Frank Richard Drury,,,"['Marcus Jonathan Farmer', 'Tanya Manzoor']"
Chelmsford,Vicky Ford,Richard William Parry,Marie Goldman,Darren Ingrouille,Reza Hossain,,,"['Richard Hyland', 'Mark Stephen Kenlen', 'Mark Citizen Lawrence', 'Kamla Sangha']"
Chelsea and Fulham,Greg Hands,Ben Coleman,Blaise Maxime Pascal Baquiche,Anthony Goodwin,Mona Crocker,,,"['Sabi Patwary', 'David Peter Poulden']"
Cheltenham,Alex Chalk,Lara Chaplin,Max Wilkinson,,Daniel Wilson,,,['Daud McDonald']
Chesham and Amersham,Gareth David Williams,Chris Chilton,Sarah Green,Laurence Jarvis,Justine Collette McPherson Fulford,,,"['Julian David Foster', 'Muhammad Pervez Khan']"
Chesterfield,Ben Flook,Toby Perkins,Ian Barfield,Dan Price,David Wadsworth,,,"['Julie Lowe', 'Kris Stone']"
Chester North and Neston,Simon Eardley,Samantha Dixon,Stephen Gribbon,Nicholas William Sean Goulding,Nick Brown,,,[]
Chester South and Eddisbury,Aphra Brandreth,Angeliki Stogia,Rob Herd,Peter Langley,Steve Davies,,,['Gillian Edwards']
Chichester,Gillian Keegan,Tom Collinge,Jessica Brown-Fuller,Teresa De Santis,Tim Young,,,['Andrew Emerson']
Chingford and Woodford Green,Iain Duncan Smith,Shama Tatler,Josh Hadley,Paul Luggeri,Chris Brody,,,['Faiza Shaheen']
Chippenham,Nic Puntis,Ravi Venkatesh,Sarah Gibson,Benjamin David Ginsburg,Declan Baseley,,,['Ed Deedigan']
Chipping Barnet,Theresa Villiers,Dan Tomlinson,Mark Durrant,Hamish Haddow,David Farbey,,,"['Richard Hewison', 'Kay Lauer']"
Chorley,,,,,Mark Worsley Tebbutt,,,"['Ben Holden-Crowther', 'Lindsay Hoyle', 'Graham Moore', 'Martin Powell-Davies']"
Christchurch,Christopher Chope,Joanna Howard,Mike Cox,Robin Adamson,Susan Graham,,,"['Simon McCormack', 'Trevor Parsons', 'Steve Unwin', 'Sasha Jolliffe Yasawi']"
Cities of London and Westminster,Tim Barnes,Rachel Blake,Edward Lucas,Tarun Ghulati,Rajiv Rahul Sinha,,,"['Liz Burford', 'Huge De Burgh', 'Mathew Carr', 'John Generic', 'Tim Hallett', 'Hoz Shafiei']"
City of Durham,Luke Allan Holmes,Mary Foy,Mark Wilkes,Mark Belch,Jonathan Elmer,,,['Sarah Welbourne']
Clacton,Giles Watling,Jovan Owusu-Nepaul,Matthew Bensilum,Nigel Farage,Natasha Osben,,,"['Craig Jamieson', 'Tony Mack', 'Tasos Papanastasiou', 'Andrew Pemberton']"
Clapham and Brixton Hill,Asha Saroy,Bell Ribeiro-Addy,Ben Curtis,Mark Matlock,Shâo-Lan Yuen,,,"['Jon Key', 'Bill Martin']"
Clwyd East,James Davies,Becky Gittins,Alec Dauncey,Kirsty Walmsley,Lee Lavery,,Paul Penlington,['Rob Roberts']
Clwyd North,Darren Millar,Gill German,David Wilkins,Jamie Orange,Martyn James Hogg,,Paul Rowlinson,[]
Coatbridge and Bellshill,Christina Sandhu,Frank McNally,Emma Farthing,Fionna McRae,Patrick Pearse McAleer,Steven Bonnar,,"['Drew Thomas Gilchrist', 'Leo Francis Lanahan']"
Colchester,James Cracknell,Pam Cox,Martin Goss,Terence Longstaff,Sara Nicola Ruth,,,['James Rolfe']
Colne Valley,Jason McCartney,Paul Davies,Katharine Macy,Stuart Hale,Heather Peacock,,,['Timothy Archer Millea']
Congleton,Fiona Bruce,Sarah Alison Russell,Paul Duffy,Martin York,Rich McCarthy,,,"['Rob Moreton', 'Kay Wesley']"
Corby and East Northamptonshire,Tom Pursglove,Lee Barron,Chris Lofts,Eddie McDonald,Lee Forster,,,['Karen Elizabeth Blott']
Coventry East,Sarah Lesadd,Mary Creagh,Mike Massimi,Iddrisu Sufyan,Stephen Robert George Gray,,,"['Paul Bedson', 'Dave Nellist']"
Coventry North West,Tom Mercer,Taiwo Owatemi,Tom Holder,Holly-Mae Nelson,Esther Mary Reeves,,,['Elizabeth Mary Richards']
Coventry South,Mattie Heaven,Zarah Sultana,Stephen Richmond,Chris Baddon,Anne Patterson,,,"['Alastair Mellon', 'Joshua Dylan Morland', 'Niko Omilana', 'Mohammed Ali Syed']"
Cowdenbeath and Kirkcaldy,Johnny Gray,Melanie Ward,Fraser Graham,Sonia Davidson,Mags Hall,Lesley Backhouse,,"['Neale Hanvey', 'Caz Paul']"
Cramlington and Killingworth,Ian Levy,Emma Foody,Thom Campion,Gordon Fletcher,Ian Jones,,,"['Dawn Furness', 'Scott Lee', 'Mathew Wilkinson']"
Crawley,Zack Ali,Peter Lamb,Lee Daniel Gibbs,Tim Charters,Iain Dickson,,,"['Linda Bamieh', 'Robin Burnham', 'Dan Weir']"
Crewe and Nantwich,Ben Fletcher,Connor Naismith,Matthew Theobald,Matt Wood,Te Ata Browne,,,"['Phil Lane', 'Brian George Silvester', 'Lord Psychobilly Tractor']"
Croydon East,Jason Cummings,Natasha Dawn Irons,Andrew John Pelling,Scott Holman,Peter Underwood,,,[]
Croydon South,Chris Philp,Ben Taylor,Richard Michael Howard,Bob Bromley,Elaine Garrod,,,"['Kulsum Hussin', 'Mark Robin Lionel Samuel']"
Croydon West,Simon Fox,Sarah Jones,Jahir Hussain,Vinayak Malhotra,Ria Patel,,,"['April Jacqueline Ashley', 'Donna Murray-Turner', 'Ahsan Ullah']"
Cumbernauld and Kirkintilloch,Satbir Gill,Katrina Murray,Adam Harley,Billy Ross,Anne McCrossan,Stuart McDonald,,[]
Dagenham and Rainham,Sam Holland,Margaret Mullane,Francesca Rose Flack,Kevin Godfrey,Kim Arrowsmith,,,['Terence London']
Darlington,Peter Gibson,Lola McEvoy,Simon Thorley,Michael Walker,Matthew Snedker,,,[]
Dartford,Gareth Johnson,Jim Dickson,Kyle Grenville Albert Marsh,Lee Stranders,Laura Edie,,,[]
Daventry,Stuart Andrew,Marianne Kimani,Jonathan William Harris,Scott Ewen Cameron,Clare Patricia Slater,,,[]
Derby North,Amanda Solloway,Catherine Atkinson,John Nicholas Sweeney,Timothy Prosser,Helen Hitchcock,,,[]
Derbyshire Dales,Sarah Dines,John Michael Whitby,Robert Court,Edward Hudson Oakenfull,Kelda Boothroyd,,,"['Rachel Elnaugh-Love', 'Helen Margaret Wetherall']"
Derby South,Jamie Mulhall,Baggy Shanker,Joe Naitta,Alan Graves,Sam Ward,,,"['Zephyr Tair', 'Chris Williamson']"
Dewsbury and Batley,Lalit Suryawanshi,Heather Iqbal,John Edward Rossington,Johnathan Robert Thackray,Simon Cope,,,['Iqbal Hussain Mohamed']
Didcot and Wantage,David Mervyn Johnston,Mocky Khan,Olly Glover,Steve Beatty,Sam Casey-Rerhaye,,,['Kyn Pomlett']
Doncaster Central,Nick Allen,Sally Jameson,Greg Ruback,Surjit Singh Duhre,Jennifer Joanne Rozenfelds,,,"['Tosh McDonald', 'Andrew David Walmsley']"
Doncaster East and the Isle of Axholme,Nicholas Fletcher,Lee Pitcher,Nicola Jane Turner,Irwen Martin,Paul David Garrett,,,['Michael John Longfellow']
Doncaster North,Glenn Karl Bluff,Ed Miliband,Jonathan Harston,,Tony Nicholson,,,"['David Bettney', 'Catherine Briggs', 'Frank Calladine', 'Christopher Charles Dawson', 'Andy Hiles']"
Dorking and Horley,Marisa Heath,Nadia Laura Burrell,Chris Coghlan,Craig Alexander Young,Lisa Claire Scott,,,[]
Dover and Deal,Stephen James,Mike Tapp,Penelope James,Howard Cox,Christine Lilian Oliver,,,"['Steve Laws', 'Geoff Lymer', 'Ashley James Payne', 'Sylvia Jean Petersen', 'Colin Tasker', 'Chris Tough']"
Droitwich and Evesham,Nigel Huddleston,Chipiliro Kalebe-Nyamongo,Oliver Walker,Sam Bastow,Neil Franks,,,['Andrew Flaxman']
Dudley,Marco Longhi,Sonia Kumar,Ian Martin Flynn,Andrew Southall,Zia Qari,,,"['Shakeela Bibi', 'Aftab Hussain', 'Dharmanand Mortha']"
Dulwich and West Norwood,Leon Cook,Helen Hayes,Donna Harris,Gary Stevens,Pete Elliott,,,['Mike Spenser']
Dumfries and Galloway,John Cooper,James Wallace,Iain McDonald,Charles Anthony Keal,Laura Moodie,Tracey Little,,['David P Griffiths']
"Dumfriesshire, Clydesdale and Tweeddale",David Mundell,Daniel Coleman,Drummond Begg,David Alexander Kirkwood,Dominic Ashmole,Kim Marshall,,['Gareth Kirk']
Dundee Central,Emma Farquhar,Richard McCready,Daniel Coleman,Vicky McCann,,Chris Law,,"['Susan Ettle', 'Jim McFarlane', 'Raymond Mennie', 'Niko Omilana', 'Alan Ross']"
Dunfermline and Dollar,Thomas Heald,Graeme Downie,Lauren Buchanan-Quigley,Udo Van Den Brock,Ryan Blackadder,Naz Anis-Miah,,"['Graham Wilson Hadley', 'George Morton', 'Danny Smith']"
Dunstable and Leighton Buzzard,Andrew Selous,Alex Mayer,Emma Holland-Lindsay,Harry Palmer,Sukhinder Paul Hundal,,,['Antonio Vitiello']
Dwyfor Meirionnydd,Tomos Day,Joanna Stallard,Phoebe Jenkins,Lucy Murphy,Karl Drinkwater,,Liz Saville Roberts,['Joan Ginsberg']
Ealing Central and Acton,James Windsor-Clive,Rupa Huq,Alastair Mitton,Felix Orrell,Kate Crossland,,,"['Stephen Balogh', 'Julie Carter', 'Nada Jarche']"
Ealing North,Maria Khan,James Murray,Craig O'Donnell,Leon Harris,Natalia Kubica,,,"['Helmi Alharahsheh', 'Les Beaumont', 'Sam Habeeb']"
Ealing Southall,Georgie Callé,Deirdre Costigan,Tariq Mahmood,Steve Chilcott,Neil Reynolds,,,"['Darshan Singh Azad', 'Sangeet Kaur Bhail', 'Joe Bhangu', 'Pedro Da Conceicao', 'Niko Omilana', 'Jaginder Singh', 'Peter Ward']"
Earley and Woodley,Pauline Alison Jorgensen,Yuan Yang,Tahir Maher,,Gary Shacklady,,,['Alastair Hunter']
Easington,Joanne Howey,Grahame Morris,Tony Ferguson,Lynn Murphy,Stephen James Ashfield,,,['Mary Cartwright']
East Antrim,,,,,Mark Bailey,,,"['Danny Donnelly', 'Margaret Anne McKillop', 'Oliver McMullan', 'John Stewart', 'Matthew Warwick', 'Sammy Wilson']"
Eastbourne,Caroline Ansell,Paul Richards,Josh Babarinde,Mark Ashdown,Mike Munson,,,['Ian Charles Garbutt']
East Grinstead and Uckfield,Mims Davies,Ben Sebastian Cox,Benedict Dempsey,,Christina Nanna Mary Coleman,,,"['Ian Gibson', 'William Jeffrey Highton']"
East Ham,Maria Higson,Stephen Timms,Hillary Victoria Briffa,Daniel Charles Oxley,Rosie Pearce,,,"['Tahir Mirza', 'Sathish Mohan Ramadoss', 'Anand Kumar Sundar']"
East Hampshire,Damian Hinds,Lucy Emma Sims,Dominic Martin,Matthew Kellermann,Richard Knight,,,"['Jim Makin', 'Sara Smith']"
East Kilbride and Strathaven,Ross Alexander Lambie,Joani Reid,Aisha Mir,David Mills,Ann McGuinness,Grant Daniel Costello,,"['Donald MacKay', 'David Richardson']"
Eastleigh,Samuel Joynson,Daniel Shearer,Liz Jarvis,Clare Lorraine Fawcett,Ben David Parry,,,['Russ Kitching']
East Londonderry,Claire Scull,,,,Jen McCahon,,,"['Gemma Brolly', 'Gregory Campbell', 'Cara Hunter', 'Allister Kyle', 'Kathleen McGurk', 'Glen Miller', 'Richard Stewart']"
East Renfrewshire,Sandesh Gulhane,Blair McDougall,Alan Grant,Matt Alexander,Karen Sharkey,Kirsten Frances Oswald,,"['Maria Reid', 'Allan Steele', 'Colette Walker']"
East Surrey,Claire Coutinho,Thomas Bowell,Claire Malcomson,Chris Scott,Shasha Khan,,,"['Martin Hogbin', 'Judy Moore']"
East Thanet,Helen Harrison,Polly Billington,Jai Singh,Paul Webb,Steve Roberts,,,"['Grahame George Birchall', 'Paul Holton', 'Mo Shafaei']"
East Wiltshire,Danny Kruger,Rob Newman,David James Kinnaird,Stephen Talbot,Emily Herbert,,,['Pete Force-Jones']
East Worthing and Shoreham,Leila Williams,Tom Rutland,David Peter Batchelor,Lionel Roger Harman,Debbie Woudman,,,"['Ivana Forman', 'John William Greenshields', 'Frank Ward']"
Edinburgh East and Musselburgh,Marie-Clair Munro,Chris Murray,Charles Dundas,Derek Winton,Amanda Grimm,Tommy Sheppard,,['Jane Mackenzie Gould']
Edinburgh North and Leith,Jo Mowat,Tracy Gilbert,Mike Andersen,Alan Melville,Kayleigh O'Neill,Deidre Brock,,"['Niel Deepnarain', 'David Jacobsen', 'Richard Charles Shillcock', 'Caroline Waterloo']"
Edinburgh South,Christopher Cowdy,Ian Murray,Andy Williamson,Cameron Rose,Jo Phillips,Simita Kumar,,"['Philip Holden', 'Lynne Lyon', 'Alex Martin', 'Mark Rowbotham']"
Edinburgh South West,Sue Webber,Scott Arthur,Bruce Wilson,Ian Harper,Dan Heap,Joanna Cherry,,"['Richard Lucas', 'Marc Richard Wilkinson']"
Edinburgh West,Alastair Shields,Michael Davidson,Christine Anne Jardine,Otto Inglis,James Puchowski,Euan Hyslop,,"['David Henry', 'Nick Hornig', 'Tam Laird']"
Edmonton and Winchmore Hill,Zoe Huggins,Kate Osamor,Tim Martin,Neville Watson,Luke Balnave,,,"['Yemi Awolola', 'Denise Headley', 'Khalid Sadur']"
Ellesmere Port and Bromborough,Lee Evans,Justin Madders,Christopher David Carubia,Michael Christopher Aldred,Harry Ross Gorman,,,['Ruth Kathleen Boulton']
Eltham and Chislehurst,Charlie Davis,Clive Efford,Ulysse Lucien Abbate,Mark George Simpson,Sam Gabriel,,,"['Dr John Courtneidge', 'Christian Hacking', 'Sean Ellis Stewart', 'Arnold Tarling']"
Ely and East Cambridgeshire,Lucy Frazer,Elizabeth McWilliams,Charlotte Cane,Ryan Coogan,Andy Cogan,,,"['Robert Bayley', 'Hoo-Ray Henry', 'Obi Monye', 'Rob Rawlins']"
Enfield North,Chris Dey,Feryal Clark,Guy Russo,Stephen Bird,Isobel Whittaker,,,"['Aishat Anifowoshe', 'Ertan Karpazli']"
Epping Forest,Neil Hudson,Rosalind Anne Doré,Jon Whitehouse,,Simon Alexander Heap,,,"['Thomas Bartholomew Hall', 'Ed Pond']"
Epsom and Ewell,Mhairi Fraser,Mark Todd,Helen Maguire,Mayuran Senthilnathan,Stephen McKenna,,,"['Gina Miller', 'Damon Young']"
Erewash,Maggie Throup,Adam Thompson,James Martin Archer,Liam Dane Booth-Isherwood,Brent Poland,,,['John William Kirby']
Erith and Thamesmead,Richard John Mark,Abena Oppong-Asare,Pierce Chalmers,Michael Pastor,Sarah Elizabeth Rose Barry,,,"['Diana Diamond', 'Mohammed Abu Shahed']"
Esher and Walton,John Cope,Yoel Gordon,Monica Harding,Alastair Gray,Maciej Pawlik,,,['Richard Bateson']
Exeter,Tessa Tucker,Steve Race,Will Aczel,Lee Bunker,Andrew Wallace Bell,,,"['Willy Poulter', 'Robert Michael Spain']"
Exmouth and Exeter East,David George Reed,Helen Dallimore,Paul Arnott,Garry Sutherland,Olly Davey,,,"['Mark P Baldwin', 'Peter H Faithfull', 'Dan Wilson']"
Falkirk,James Bundy,Euan Stainbank,Tim McKay,Keith Barrow,Rachel Kidd,Toni Giugliano,,"['Zohaib Arshad', 'Mark Andrew Tunnicliff']"
Fareham and Waterlooville,Suella Braverman,Gemma Furnivall,Bella Hewitt,Kevan Chippindall-Higgin,Baz Marie,,,"['Edward Dean', 'Robert John Holliday']"
Farnham and Bordon,Gregory Stafford,Alex Just,Khalil Yousuf,Ged Hall,Claire Louise Matthes,,,['Don Jerrard']
Faversham and Mid Kent,Helen Whately,Mel Dawkins,Hannah Perkin,Maxwell Harrison,Hannah Temple,,,['Lawrence Rustem']
Feltham and Heston,Reva Anil Gudi,Seema Malhotra,Dhruv Sengupta,Prabhdeep Singh,Katharine Kandelaki,,,"['Ian Christopher Brown', 'Aysha Siddika Choudhury', 'Amrit Mann', 'Damian Read', 'Abdul Majid Tramboo']"
Fermanagh and South Tyrone,,,,,,,,"['Diana Armstrong', 'Paul Blake', 'Pat Cullen', 'Gerry Cullen', 'Carl Duffy', 'Eddie Roofe']"
Filton and Bradley Stoke,Jack Lopresti,Claire Hazelgrove,Benet Allen,Stephen James Burge,James William Nelson,,,[]
Finchley and Golders Green,Alex Deane,Sarah Sackman,Sarah Hoyle,Giuseppe Pezzulli,Steve Parsons,,,"['Brendan Patrick Donnelly', 'Katharine Margaret Murphy', 'Michael Shad']"
Folkestone and Hythe,Damian Collins,Tony Vaughan,Larry Ngan,Bill Wright,Marianne Brett,,,"['David John Allen', 'Momtaz Khanom', 'Andy Thomas']"
Forest of Dean,Mark Harper,Matt Bishop,James Michael Joyce,Stanley Goodin,Chris McFarling,,,['Saiham Sikder']
Foyle,,,,,,,,"['John Boyle', 'Sandra Duffy', 'Colum Eastwood', 'Rachael Ferguson', 'Shaun Harkin', 'Anne McCloskey', 'Gary Middleton', 'Janice Montgomery']"
Frome and East Somerset,Lucy Clare Trimnell,Robin Moss,Anna Sabine,David Swain,Martin Dimery,,,"['Gavin John Heathcote', 'Shaun Hughes']"
Fylde,Andrew Snowden,Tom Calver,Mark Jewell,Brook Wimbury,Brenden Wilkinson,,,"['Anne Aitken', 'Cheryl Morrison']"
Gainsborough,Sir Edward Leigh,Jess McGuire,Lesley Rollings,Pat O'Connor,Vanessa Smith,,,['Tim Bray Mellors']
Gateshead Central and Whickham,Nicholas Martin Oliver,Mark Ferguson,Ron Beadle,Damian Heslop,Rachel Mary Cabral,,,"['Norman Hall', 'Graham Steele']"
Gedling,Tom Randall,Michael Payne,Tad Jones,Simon Christy,Dominic Berry,,,['Irenea Marriott']
Gillingham and Rainham,Rehman Chishti,Naushabah Khan,Stuart James Bourne,Rizvi Rawoof,Kate Belmonte,,,"['Peter James Cook', 'Roger James Peacock', 'Peter Anthony Wheeler']"
Glasgow East,Thomas Kerr,John Grady,Matthew James Clark,Donnie McLeod,Amy Kettyles,David Linden,,['Liam McLaughlan']
Glasgow North,Naveed Asghar,Martin Rhodes,Daniel John O'Malley,Helen Burns,Iris Duane,Alison Thewliss,,['Nick Durie']
Glasgow North East,Robert Henry Connelly,Maureen Burke,Sheila Thomson,Jonathan Walmsley,Ewan Lewis,Anne McLaughlin,,"['Catherine McKernan', 'Chris Sermanni', 'Gary Steele']"
Glasgow South,Haroun Malik,Gordon McKee,Peter Michael McLaughlin,Danny Raja,Niall Christie,Stewart McDonald,,"['Dhruva Kumar', 'Brian Smith']"
Glasgow South West,Mamun Rashid,Zubir Ahmed,Paul McGarry,Morag McRae,John Hamelink,Chris Stephens,,['Tony Osy']
Glasgow West,Faten Hameed,Patricia Ferguson,James Stuart Calder,Dionne Moore,Nick Quail,Carol Monaghan,,['John Cormack']
Glastonbury and Somerton,Faye Purbrick,Hal Hooberman,Sarah Joanne Dyke,Tom Carter,Jon Cousins,,,[]
Glenrothes and Mid Fife,Debbie MacCallum,Richard Baker,Jill Reilly,Ian Sinclair Smith,,John Beare,,[]
Gloucester,Richard Graham,Alex McIntyre,Rebecca Jane Trimnell,Chris Farmer,Adam Shearing,,,"['Akhlaque Ahmed', 'Steve Gower', 'Wing Commander (RTD) Fred Ramsey']"
Godalming and Ash,Jeremy Hunt,James Walsh,Paul Follows,Graham Richard Drage,Ruby Tucker,,,['Harriet Williams']
Goole and Pocklington,David Davis,Liam Derek Henry Draycott,Dale Richard Needham,Rich Kelly,Angela Stone,,,['Shona Wade']
Gordon and Buchan,Harriet Cross,Nurul Hoque Ali,Conrad James Wood,Kris Callander,,Richard Gordon Thomson,,[]
Gorton and Denton,Ruth Welsh,Andrew Gwynne,John Reid,Lee Moffitt,Amanda Gardner,,,['Amir Yousuf Burney']
Gosport,Caroline Dinenage,Edward Batterbury,Tim Bearder,Matt Mulliss,Tony Sudworth,,,"['Lisa Grace Englefield', 'Jeff Roberts', 'Dave Watson']"
Gower,Marc Jenkins,Tonia Antoniazzi,Franck Banza,Catrin Thomas,Chris Evans,,Kieran Thomas Pritchard,['Wayne Erasmus']
Grantham and Bourne,Gareth Davies,Vipul Bechar,John Vincent,Mike Rudkin,Anne Elizabeth Gayfer,,,"['Alexander Mitchell', 'Charmaine Morgan', 'Ian Edward Selby']"
Gravesham,Adam Holloway,Lauren Sullivan,Ukonu Obasi,Matthew Herbert Fraser Moat,Rebecca Drake Hopkins,,,[]
Great Grimsby and Cleethorpes,Lia Nici,Melanie Onn,John Craig Lawson,Oliver Freeston,Ed Fraser,,,"['Mark Patrick Gee', 'Christopher Stephenson']"
Great Yarmouth,James Clark,Keir Cozens,Fionna Tod,Rupert Lowe,Trevor Rawson,,,"['Catherine Blaiklock', 'Paul David Brown', 'Clare Chantal Roullier']"
Greenwich and Woolwich,Jonathan Goff,Matthew Pennycook,Chris Annous,Abdoul Aziz Ndiaye,Stacy Smith,,,"['Priyank Bakshi', 'Niko Omilana', 'Sheikh Raquib']"
Guildford,Angela Richardson,Sarah Gillinson,Zöe Franklin,Dennis Saunders,Sam Peters,,,['John Hugh Morris']
Hackney North and Stoke Newington,David Landau,Diane Abbott,Rebecca Jones,Deborah Cairns,Antoinette Fernandez,,,"['Ryan Ahmad', 'Kombat Diva', 'Knigel Knapp']"
Hackney South and Shoreditch,Joanna Kate Reeves,Meg Hillier,Theodore Roos,Anil Bhatti,Laura-Louise Fairley,,,"['Mohammed Shahed Hussain', 'Carol Susan Small']"
Halesowen,James Morris,Alex Ballinger,Ryan Ashley Priest,Jonathan Oakton,Emma Bullard,,,[]
Halifax,Hazel Sharp,Kate Alexandra Dearden,Samuel Jackson,James Griffith-Jones,Martin Hey,,,"['Perveen Hussain', 'Shakir Saghir']"
Hamble Valley,Paul Holmes,Devina Marylyn Paul,Prad Bains,Caroline Gladwin,Kate Needham,,,['Binka Griffin']
Hamilton and Clyde Valley,Richard Nelson,Imogen Walker,Kyle Burns,Lisa Judge,,Ross Clark,,['Christopher Ho']
Hammersmith and Chiswick,Andrew Dinsmore,Andy Slaughter,Eraj Rostaqi,Louise Margaret Petano-Heathcote,Naranee Ruthra-Rajan,,,"['Bill Colegrave', 'Scott Ejiro Dore', 'Raj Gill']"
Hampstead and Highgate,Don Williams,Tulip Siddiq,Scott Emery,Catherine Becker,Lorna Jane Russell,,,"['Christie Elan-Cane', 'Jonathan Louis Livingstone']"
"Harborough, Oadby and Wigston",Neil O'Brien,Hajira Hanif Piranie,Phil Knowles,Danuta Bernadette Jeeves,Darren Woodiwiss,,,['Robin Lambert']
Harlow,Hannah Ellis,Christopher John Vince,Riad Mannan,Malcolm Featherstone,Yasmin Gregory,,,['Lois Jasmine Perry']
Harpenden and Berkhamsted,Nigel Robert Gardner,Zara Layne,Victoria Collins,Saba Poursaeedi,Paul Gregory De Hoest,,,['Mark Thomas Patten']
Harrogate and Knaresborough,Andrew Jones,Conrad James Whitcroft,Tom Gordon,Jonathan Mark Swales,Shan Oakes,,,"['Paul Haslam', 'Stephen Douglas Metcalfe']"
Harrow East,Bob Blackman,Primesh Patel,Reetendra Nath Banerji,Roger Clark,Sebastian Newsam,,,"['Sabira Lakha', 'Sarajulhaq Parwani']"
Harrow West,Abbas Merali,Gareth Thomas,Chris Noyce,Michael Beavis,Rupert Nepal George,,,"['Pamela Fitzpatrick', 'Bharatkumar Ishverbhai Patel']"
Hartlepool,Jill Mortimer,Jonathan Brash,Peter Maughan,Amanda Napper,Jeremy Spyby-Steanson,,,"['Thomas Dudley', 'Sam Lee', 'Vivienne Neville']"
Harwich and North Essex,Bernard Jenkin,Alex Diner,Natalie Sommers,Mark Cole,Andrew Lawrence Canessa,,,[]
Hastings and Rye,Sally-Ann Hart,Helena Dollimore,Guy Gillan Harris,Lucian Fernando,Becca Horn,,,"['Phil Colley', 'Paul Edward Crosland', 'Nicholas Davies']"
Havant,Alan Mak,Stefanie Harvey,Gayathri Sathyanath,John Perry,Netty Shepherd,,,['Jennifer Nadia Alemanno']
Hayes and Harlington,Dylan Thomas,John McDonnell,Alex Cunliffe,Francoise Thompson,Christine West,,,['Rizwana Karim']
Hazel Grove,Paul Athans,Claire Vibert,Lisa Smart,John Howard Kelly,Graham Reid,,,"[""Tim O'Rourke""]"
Hemel Hempstead,Andrew Williams,David Taylor,Sammy Barry-Mears,Noel Willcox,Sherief Hassan,,,[]
Hendon,Ameet Jogia,David Pinto-Duschinsky,Clareine Enderby,Joshua Leon Pearl,Gabrielle Bailey,,,"['Jane Gibson', 'Imtiaz Palekar', 'Ben Rend']"
Henley and Thame,Caroline Newton,Nanda Manley-Browne,Freddie Van Mierlo,Peter Shields,Jo Robb,,,"['David Carpin', 'Maryse Pomlett']"
Hereford and South Herefordshire,Jesse Norman,Joe Emmett,Dan Powell,Nigel Ely,Diana Toynbee,,,['Mark Weaden']
Herne Bay and Sandwich,Roger Gale,Helen Elizabeth Whitehead,Angie Curwen,Amelia Randall,Thea Barrett,,,[]
Hertford and Stortford,Julie Marson,Josh Dean,Helen Campbell,John Burmicz,Nick Cox,,,"['Jane Maria Fowler', 'Barry Hensall']"
Hertsmere,Oliver Dowden,Josh Tapper,Emma Matanle,Darren Bruce Selkus,John Humphries,,,['Ray Bolster']
Hexham,Guy Opperman,Joe Morris,Nick Cott,,Nick Morphet,,,"['William Clouston', 'Chris Whaley']"
Heywood and Middleton North,Laura-Beth Thompson,Elsie Jane Blundell,Tom Shaw,Steve Potter,,,,['Chris Furlong']
High Peak,Robert Largan,Jonathan Brian Pearce,Peter John Hirst,Catherine Cullen,Joanna Wiehe Collins,,,[]
Hinckley and Bosworth,Luke Evans,Rebecca Pawley,Michael Mullaney,Peter Cheshire,Cassie Wells,,,['Harry Masters']
Hitchin,Bim Afolami,Alistair Strathern,Chris Lucas,Charles Spencer Bunker,William Lavin,,,['Sid Cordle']
Holborn and St Pancras,Mehreen Malik,Keir Starmer,Charlie Clinton,Dave Roberts,David Robert Stansell,,,"['Nick the Incredible Flying Brick', 'Andrew Feinstein', 'Wais Islam', 'Senthil Kumar', 'John Poynton', 'Tom Scripps', 'Bobby ""Elmo"" Smith']"
Honiton and Sidmouth,Simon Jupp,Jake Bonetta,Richard Foord,Paul Quickenden,Henry Gent,,,"['Vanessa Coxon', 'Hazel Exon']"
Hornchurch and Upminster,Julia Lopez,Sunny Brar,Ian Sanderson,Nicholas Palmer,Melanie Collins,,,['David Warren Durant']
Hornsey and Friern Barnet,Naz Panju,Catherine West,Dawn Barnes,Navdeep Singh,Fabio Vollono,,,"['Dino Philippos', 'Helen Spiby-Vann']"
Horsham,Jeremy Quin,James Michael Field,John Milne,Hugo Miller,Catherine Mary Ross,,,"['Paul Abbott', 'Jim Duggan']"
Houghton and Sunderland South,Chris Burnicle,Bridget Phillipson,Paul Edgeworth,Sam David Woods-Brass,Richard Peter Bradley,,,[]
Hove and Portslade,Carline Deal,Peter Kyle,Michael Wang,Martin Hugo Hess,Sophie Broadbent,,,['Tanushka Marah']
Huddersfield,Tony McGrath,Harpreet Uppal,Jan Alexander Dobrucki,Susan Laird,Andrew Cooper,,,[]
Huntingdon,Benjamin Obese-Jecty,Alex Bulat,Mark Timothy Argent,Sarah Smith,Georgie Hunt,,,['Chan Abraham']
Hyndburn,Sara Britcliffe,Sarah Smith,Beth Waller-Slack,Richard John Oakley,Mohammed Shabir Fazal,,,[]
Ilford North,Kaz Rizvi,Wes Streeting,Fraser Coppin,Alex Wilson,Rachel Collinson,,,['Leanne Mohamad']
Ilford South,Sayeed Syduzzaman,Jas Athwal,Richard Clare,Raj Forhad,Syed Siddiqi,,,"['Noor Jahan Begum', 'Golam Tipu', 'Andy Walker']"
Inverclyde and Renfrewshire West,Ted Runciman,Martin McCluskey,Ross Stalker,Simon Charles Wheeler Moorehead,Iain Hamilton,Ronnie Cowan,,"['John Burleigh', 'Chris McEleny']"
"Inverness, Skye and West Ross-shire",Ruraidh Stewart,Michael Perera,Angus MacDonald,Dillan Hill,Peter Newman,Drew Hendry,,['Darren Paxton']
Ipswich,Tom Hunt,Jack Simon Abbott,James Sandbach,Tony Love,Adria Pittock,,,"['Terence Kevin Charles', 'Freddie Sofar']"
Isle of Wight East,Joe Robertson,Emily Brothers,Michael Lilley,Sarah Morris,Vix Lowthion,,,['David Groocock']
Isle of Wight West,Bob Seely,Richard Quigley,Nick Stuart,Ian Pickering,Cameron Palin,,,['Rachel Shereen Thacker']
Islington North,Karen Anne Harries,Praful Nargund,Vikas Aggarwal,Martyn Nelson,Sheridan Kates,,,"['Jeremy Corbyn', 'Paul Dominic Josling']"
Islington South and Finsbury,Imogen Alice Sinclair,Emily Thornberry,Terry Stacy,Max Jefferson Nelson,Carne Ross,,,"['Jake Anthony Painter', 'Andrew Parry', 'Ethan Saunders', 'Lesley Woodburn']"
Jarrow and Gateshead East,Jack Alexander Gebhard,Kate Osborne,Jamie Rickelton,Lynda Alexander,Nic Cook,,,['Mark Conway']
Keighley and Ilkley,Robbie Moore,John Grogan,Chris Adams,Andrew Mark Judson,John Wood,,,"['Dominic James Atlas', 'Vaz Shabir']"
Kenilworth and Southam,Jeremy Wright,Cat Price,Jenny Wilkinson,Jacqui Harris,Alix Dearing,,,"[""Paul Richard Charles De'Ath"", 'Nicholas Robert Blunderbuss Green']"
Kensington and Bayswater,Felicity Buchan,Joe Powell,William Houngbo,Marc Burca,Mona Abdulla Ishag Adam,,,"['Emma Dent Coad', 'Emperor of India Prince Ankit Love', ""Una Marie O'Mahony"", 'Roger David Phillips', 'John Christopher Courtenay Stevens']"
Kettering,Philip Hollobone,Rosie Wrighting,Sarah Ryan,Crispian George Besley,Emily Fedorowycz,,,"['Jehad Soliman Aburamadan', 'Jim Hakewill', 'Matthew Murphy']"
Kilmarnock and Loudoun,Jordan David Cowie,Lillian Jones,Edward Thornley,William Thomson,Bex Glen,Alan Brown,,['Stephen McNamara']
Kingston and Surbiton,Helen Edward,Eunice O'Dame,Ed Davey,Mark Fox,Debojyoti Das,,,"['Ali Abdulla', 'A. Gent Chinners', 'Yvonne Tracey']"
Kingston upon Hull East,Kieran Persand,Karl Turner,Bob Morgan,Neil Francis Hunter,Julia Brown,,,[]
Kingston upon Hull North and Cottingham,Callum Terence Procter,Diana Johnson,Craig Woolmer,Martin Baker,Kerry Elizabeth Harrison,,,"['Ahmet Cinalp', 'Rowan Adam Halstead', 'Pauline Peachey', 'Michael John Whale']"
Kingston upon Hull West and Haltemprice,Rachel Storer,Emma Hardy,Linda Jane Johnson,Julie Peck,Kevin Scott Paulson,,,['Lucy Needham']
Kingswinford and South Staffordshire,Mike Wood,Sally Benton,Gulvinder Singh Bansal,Gary Andrew Dale,Claire McIlvenna,,,['Shaz Saleem']
Knowsley,Sherrie McDaid,Anneliese Midgley,Kate Tipton,Alexander Hitchmough,Graham Wickens,,,"['Patricia Jameson', 'Graham Padden']"
Lagan Valley,,,,,Patricia Denvir,,,"['Jonathan Buckley', 'Robbie Butler', 'Sorcha-Lucy Eastwood', 'Simon Lee', 'Lorna Smyth']"
Lancaster and Wyre,Peter Gordon Cartridge,Cat Smith,Matthew Severn,Nigel Alderson,Jack Lenox,,,[]
Leeds Central and Headingley,Jennifer Jane Jackson,Alex Sobel,Chris Howley,Reggie Harry Wray,Chris Foren,,,"['Louie Fulton', 'Owais Rajput', 'Rob Walker']"
Leeds East,Sam Firth,Richard Burgon,Tobie Abel,David Dresser,Jennifer Norman,,,"['Catherine  Dobson', 'David Hough', 'Niko Omilana', 'Pete Young']"
Leeds North East,Chris Whiteside,Fabian Hamilton,Gary Busuttil,Kieran White,Louise Mary Jennings,,,"['Ian Cowling', 'Mike Davies', 'Stewart Hey', 'Dawud Islam', 'Cordelia Frances Lynan', 'Chris Ward Nicholson']"
Leeds North West,Thomas Averre,Katie White,Ryk Downes,Jayne Louise Bond,Mick Bradley,,,"['Kathy Bushell', 'Bob Buxton']"
Leeds South,Karen Cooksley,Hilary Benn,George Sykes,,Ed Carlisle,,,"['Muhammad Azeem', 'Janet Bickerdike', 'Niko Omilana', 'Daniel Paul Whetstone']"
Leeds South West and Morley,Andrea Jenkyns,Mark Sewards,Michael Fox,James Kendall,Chris Bell,,,"['Howard Graham Dews', 'Nigel Perry']"
Leeds West and Pudsey,Lee Anthony Farmer,Rachel Reeves,Dan Walker,Andrea Whitehead,Ann Forsaith,,,"['Jamal El Kheir', 'Darren James Longhorn', 'Sasha Watson']"
Leicester East,Shivani Raja,Rajesh Agrawal,Zuffar Haq,Raj Solanki,Mags Lewis,,,"['Malihah Adam', 'Nagarjun Agath', 'Khandu Patel', 'Keith Vaz', 'Claudia Webbe']"
Leicester South,Gerri Hickton,Jon Ashworth,Carol Weaver,Craig Harwood,Sharmen Rahman,,,"['Shockat Adam', 'Ezechiel Adlore', 'Osman Ghani Admani', 'Ann Green']"
Leicester West,Max Chauhan,Liz Kendall,Benjamin Feist,Ian Edward Hayes,Aasiya Bora,,,"['Rahoul Naik', 'Steve Score']"
Leigh and Atherton,Michael William Winstanley,Jo Platt,Stuart David Thomas,George Woodward,Amelia Jones,,,['Craig Buckley']
Lewes,Maria Caulfield,Danny Sweeney,James MacCleary,Bernard Peter Brown,Paul Keene,,,['Rowena Mary Easton']
Lewisham East,Louise Brice,Janet Daby,Callum James Littlemore,Ruth Handyside,Michael Herron,,,"['Richard Galloway', 'Steph Koffi', 'Maureen Maud Martin']"
Lewisham North,Nupur Majumdar,Vicky Foxcroft,Jean Branch,Edward Powell,Adam Pugh,,,"['Mian Faisal Akbar', 'John Lloyd', 'Oliver Snelling', 'Julia Tilford']"
Lewisham West and East Dulwich,Christine Wallace,Ellie Reeves,Josh Matthews,Marian Lynn Newton,Callum Fowler,,,"['Katherine Hortense', 'Gwenton Dennis Sloley']"
Leyton and Wanstead,Gloria Croxall,Calvin Bailey,Tara Copeland,David Kenton Sandground,Charlotte Lafferty,,,"['Mahtab Anwar Aziz', 'Simon Mark Bezer', 'Shanell Johnson']"
Lichfield,Michael Fabricant,Dave Robertson,Paul Ray,Richard Howard,Heather Kirsty McNeillis,,,"['Pete Longman', 'John Patrick Madden']"
Lincoln,Karl McCartney,Hamish Falconer,Clare Smalley,Jamie-Lee McMillan,Sally Anne Horscroft,,,"['Laura Victoria Ashby', 'Craig Marshall', 'Linda Richardson', 'Charles William Shaw']"
Liverpool Garston,Danny Bowman,Maria Eagle,John Hyland,Kiera Alice Hubbard,Muryam Saffia Aminah Sheikh,,,"['Sam Gorst', 'Jane Lawrence', 'Frank Sweeney', 'Alan Peter Tormey']"
Liverpool Riverside,Jane Kathryn Austin,Kim Johnson,Rebecca Turner,Gary Hincks,Christopher Coughlan,,,"['Roger Bannister', 'Stephen McNally', 'Sean Robert Weaver']"
Liverpool Walton,Emma Ware,Dan Carden,Sean Cadwallader,Joseph Doran,Martyn Paul Madeley,,,['Billy Lake']
Liverpool Wavertree,Elizabeth Charlotte Eagar,Paula Barker,Rob McAllister-Bell,Adam Heatherington,Tom Crone,,,"['Mohamed Jaffar El Gadhy', 'Joe Owens', 'Ann San']"
Liverpool West Derby,Charlotte Jane Duthie,Ian Byrne,Kayleigh Halpin,Jack Frederick Boyd,Maria Teresa Coughlan,,,['Steve Radford']
Livingston,Damian Timson,Gregor Poynton,Caron Lindsay,David McLennan,Cameron Glasgow,Hannah Bardell,,['Debbie Ewen']
Llanelli,Charlie Evans,Nia Griffith,Chris Passmore,Gareth Beer,Karen Laurence,,Rhodri Davies,['Stan Robinson']
Lothian East,Scott Hamilton,Douglas Alexander,Duncan Dunlop,Robert Davies,Shona McIntosh,Lyn Jardine,,['George Kerevan']
Loughborough,Jane Hunt,Jeevun Sandher,Ian Robert Sharpe,Andy McWilliam,Hans Zollinger-Ball,,,[]
Louth and Horncastle,Victoria Atkins,Jonathan Slater,Ross Pepper,Sean Roger Matthews,Robert William Watson,,,"['Iconic Arty-Pole', 'Paul Hugill', 'Marcus Moorehouse']"
Lowestoft,Peter Aldous,Jessica Asato,Adam Robertson,June Mummery,Toby Hammond,,,[]
Luton North,Jilleane Brown,Sarah Owen,Sean Prendergast,James Aaron Fletcher,Ejel Khan,,,"['Waheed Akbar', 'Toqueer Shah', 'Paul Trathen']"
Luton South and South Bedfordshire,Mark Anthony Gaius Versallion,Rachel Hopkins,Dominic Griffiths,Norman MacLean,Edward Carpenter,,,"['Attiq Ahmed Malik', 'Yasin Rehman']"
Macclesfield,David Rutley,Tim Roca,Neil Christian,Steve Broadhurst,Amanda Iremonger,,,"['Dickie Fletcher', 'Christopher Wellavize']"
Maidenhead,Tania Mathias,Jo Smith,Joshua Peter Reynolds,,Andrew Cooney,,,"['Timothy Burt', 'Qazi Yasir Irshad', 'George Wright']"
Maidstone and Malling,Helen Grant,Maureen Cleator,David Sandru Naghi,Paul Thomas,Stuart Robert Jeffery,,,"['Gary Butler', 'Yolande Ann Kenward']"
Makerfield,Simon Finkelstein,Josh Simons,John Charles Skipworth,Robert F. Kenyon,Maria Holly Deery,,,['Thomas Bryer']
Maldon,John Whittingdale,Onike Gollo,Simon Burwood,Pamela Kay Walford,Isobel Jean Campbell Doubleday,,,[]
Manchester Central,Scott Smith,Lucy Powell,Chris Northwood,David Brown,Ekua Bayunu,,,"['Parham Hashemi', 'Albati Kalonda', 'Sabeena Khan', 'Sebastian Moore', 'Caitriona Rylance']"
Manchester Rusholme,Alexandra Marsanu,Afzal Khan,,Joel Patrick McGuigan,Thirza Amina Asanga-Rae,,,"['Faraz Bhatti', 'Mohhamed Bilal', 'Peter Clifford']"
Manchester Withington,Sarah Louise Garcia de Bustos,Jeff Smith,Richard Kilpatrick,Kaine Keith Williams,Sam Easterby-Smith,,,"['Wendy Madeleine Andrew', 'Lizzie Greenwood']"
Mansfield,Ben Bradley,Steve Yemm,Michael Wyatt,Matt Warnes,Philip Shields,,,"['Zen Bilas', 'Peter Michael James Dean', 'Wesley Milligan', 'Karen Rachel Mary Seymour']"
Melksham and Devizes,Michelle Donelan,Kerry Postlewhite,Brian Mathew,Malcolm John Cupis,Catherine Read,,,[]
Melton and Syston,Edward Argar,Zafran Khan,Andy Konieczko,Pete Morris,Alastair McQuillan,,,"['Marilyn Mary Gordon', 'Teck Khong', 'Matt Shouler']"
Meriden and Solihull East,Saqib Bhatti,Sarah Alan,Sunny Virk,Malcolm Ian Sedgley,Shesh Sheshabhatter,,,[]
Merthyr Tydfil and Aberdare,Amanda Jenner,Gerald Jones,Jade Smith,Gareth Thomas,David Griffin,,Francis Whitefoot,"['Anthony Cole', 'Bob Davenport', 'Lorenzo de Gregori']"
Mid and South Pembrokeshire,Stephen Crabb,Henry Tufnell,Alistair Cameron,Stuart Marchant,James Purchase,,Cris Tomos,"['Hanna Andersen', 'Vusi Siphika']"
Mid Bedfordshire,Blake Stephenson,Maahwish Mirza,Stuart Roberts,Dave Holland,Cade Sibley,,,"['Richard Brunning', 'Gareth Mackey']"
Mid Buckinghamshire,Greg Smith,Carissma Griffiths,Anja Schaefer,Stephanie Harwood,Greg Smith,,,"['Wisdom Methodious Da Costa', 'Yvonne Wilding']"
Mid Cheshire,Charles Fifield,Andrew Graham Cooper,Jack Price-Harbach,Emma Guy,Mark Green,,,"['Helen Clawson', 'Stella Mellor']"
Mid Derbyshire,Luke Gardiner,Jonathan Peter Tom Davies,Barry Holliday,Stephen Dean,Gez Kinsella,,,"['Josiah Uche', 'Sue Warren']"
Middlesbrough and Thornaby East,Kiran Fothergill,Andy McDonald,Mo Waqas,Patrick John Miles Seargeant,Matthew Harris,,,"['Mehmoona Ameen', 'Mark Alan Baxtrem']"
Middlesbrough South and East Cleveland,Simon Clarke,Luke Myer,Jemma Louise Scarlett Joy,,Rowan McLaughlin,,,['Rod Liddle']
Mid Dorset and North Poole,Michael Tomlinson,Candice Johnson-Cole,Vikki Slade,,Ben Pantling,,,['John Dowling']
Mid Dunbartonshire,Alix Mathieson,Lorna Dougall,Susan Murray,David McNabb,Carolynn Scrimgeour,Amy Callaghan,,['Ray James']
Mid Leicestershire,Peter Bedford,Robert Martin,Ian Bradwell,Tom Smith,Tony Deakin,,,[]
Midlothian,Keith Cockburn,Kirsty McNeill,Ross Laird,Stefan Garbowski,,Owen Thompson,,['Daniel Fraser']
Mid Norfolk,George Freeman,Michael Rosen,Stuart Howard,Kabeer Kher,Ash Haynes,,,[]
Mid Sussex,Kristy Lyn Adams,David Rowntree,Alison Bennett,Gary Peter Johnson,Deanna Nicholson,,,['Baron Von Thunderclap']
Mid Ulster,,,,,,,,"['Jay Basra', 'Keith Buchanan', 'Padraic Farrell', 'Alixandra Halliday', 'Denise Johnston', 'John Kelly', 'Cathal Mallaghan', 'Glenn Moore']"
Milton Keynes Central,Johnny Luk,Emily Darlington,James Cox,David Reilly,Frances Bonney,,,['Alfred Saint-Clair']
Milton Keynes North,Ben Everitt,Chris Curtis,Clare Hannah Tevlin,Jane Anne Duckworth,Alan Francis,,,[]
Mitcham and Morden,Ellie Cox,Siobhain McDonagh,Jenifer Ann Gould,Ruth Price,Pippa Maslin,,,"['Des Coke', 'Mehmood Jamshed']"
Monmouthshire,David Davies,Catherine Fookes,Bill Powell,Max Windsor-Peplow,Ian Chandler,,Ioan Bellin,"['June Davies', 'Owen Lewis', 'Emma Meredith']"
Montgomeryshire and Glyndwr,Craig Williams,Steve Witherden,Glyn Preston,Oliver Lewis,Jeremy Brignell-Thorp,,Elwyn Vaughan,[]
"Moray West, Nairn and Strathspey",Kathleen Robertson,James Hynam,Neil Alexander,Steve Skerrett,Draeyk van der Horn,Graham Leadbitter,,['Euan Morrice']
Morecambe and Lunesdale,David Morris,Lizzi Collinge,Peter Jackson,Barry Parsons,Gina Dowding,,,[]
"Motherwell, Wishaw and Carluke",Oyebola Ajala,Pamela Nash,Hayley Bennie,Robert McLaughlan,Gordon Thomas Miller,Marion Fellows,,"['Gus Ferguson', 'Ross Hagen', 'Neil Wilson']"
Na h-Eileanan an Iar,Kenny Barker,Torcuil Crichton,Jamie Dobson,Tony Ridden,,Susan Thomson,,"['Donald MacLeod Boyd', 'Angus MacNeil', 'Steven Welsh']"
Neath and Swansea East,Samantha Nida Chohan,Carolyn Harris,Helen Ceri Clarke,Dai Richards,Jan Dowden,,Andrew John Jenkins,[]
Newark,Robert Jenrick,Saj Ahmad,David Watts,Robert Palmer,Michael Ackroyd,,,"['Adrian Charles Amer', 'Matthew Darrington', 'Lyn Galbraith', 'Collan Siddique']"
Newbury,Laura Farris,Liz Bell,Lee Raymond James Dillon,Doug Terry,Steve Masters,,,"['Earl Jesse', 'Gary Edward Johnson']"
Newcastle-under-Lyme,Simon John Tagg,Adam Jogee,Nigel Jones,Neill Walker,Jennifer Leigh Hibell,,,[]
Newcastle upon Tyne Central and West,Frances Lasok,Chi Onwurah,Ali Avaei,Ashton Hektor Muncaster,John Pearson,,,"['Habib Rahman', 'Yvonne Ridley']"
Newcastle upon Tyne East and Wallsend,Rosie Hanlon,Mary Glindon,Mark Ridyard,Janice Richardson,Matt Williams,,,"['Muhammed Ghori', 'Robert Malyn', 'Liz Panton', 'Emma-Jane Phillips']"
Newcastle upon Tyne North,Guy Renner-Thompson,Catherine McKinnell,Aidan John King,Deborah Ann Lorraine,Sarah Peters,,,"['Martin Paul Evison', 'King Teare']"
New Forest East,Julian Lewis,Sasjkia Otto,Caroline Rackham,Roy Swales,Simon King,,,"['Mad Hatter', 'Andrew David Knight']"
New Forest West,Desmond Swayne,Sally Johnston,Jack Davies,Reginald Chester-Sterne,Anna Collar,,,"['Gavin Ridley', 'Paul Simon']"
Newport East,Rachel Egerton Buckler,Jessica Morden,John Miller,Tommy Short,Lauren James,,Jonathan Clark,"['Pippa Bartolotti', 'Mike Ford']"
Newport West and Islwyn,Nick Jones,Ruth Jones,Mike Hamilton,Paul Taylor,Kerry Ann Vosper,,Brandon Ham,['George Etheridge']
Newry and Armagh,Samantha Rayner,,,,,,,"['Pete Byrne', 'Dáire Hughes', 'Sam Nicholson', 'Keith Ratcliffe', 'Liam Reichenberg', 'Gareth Wilson', 'Helena Young']"
Newton Abbot,Anne Marie Morris,Jacob Cousens,Martin Wrigley,Chris Hilditch,Pauline Wynter,,,"['Annaliese Cude', 'Liam Mullone', 'Andre Sabine']"
Newton Aycliffe and Spennymoor,Paul Howell,Alan Strickland,Anne-Marie Curry,John Grant,Jack Hughes,,,"['Brian Agar', 'Minhajul Suhon']"
Normanton and Hemsworth,Alice Hopkin,Jon Trickett,Craig Dobson,Callum Daniel Bushrod,Ashton Victor Howick,,,[]
Northampton North,Dan Bennett,Lucy Rigby,Christopher Gordon Leggett,Antony Antoniou,Eishar Kaur Bassan,,,"['Paul Leslie Clark', 'Khalid Razzaq']"
Northampton South,Andrew Iain Lewer,Mike Reader,Jill Susan Hope,Tony Owens,Simon Sneddon,,,"['Katie Simpson', 'Penelope Lucy Tollitt']"
North Antrim,,,,,,,,"['Jim Allister', 'Ian Paisley Jr', 'Helen Maher', 'Philip McGuigan', 'Jackson Minford', 'Tristan Morrow', 'Sian Mulholland', 'Ráichéal Mhic Niocaill']"
North Ayrshire and Arran,Todd Ferguson,Irene Campbell,Gillian Cole-Hamilton,Mike Mann,Cara McKee,Patricia Gibson,,"['Ian Gibson', 'James McDaid']"
North Bedfordshire,Richard Fuller,Uday Nagaraju,Joanna Beata Szaub-Newton,Pippa Clayton,Philippa Fleming,,,[]
North Cornwall,Scott Mann,Robyn Sara Harris,Ben Maguire,Rowland O'Connor,Lance Symonds,,,['Sarah Farrell']
North Cotswolds,Geoffrey Clifton-Brown,Anna Mainwaring,Paul Richard Hodgkinson,Jason Preece,Chloe Isobel Turner,,,['Jean Annlyne Misseys Blackbeard']
North Devon,Selaine Saxby,Nicky Edwards,Ian Roome,Nigel James,Cas Lay,,,['Steve Cotten']
North Dorset,Simon Hoare,James Coldwell,Gary Jackson,Ash Leaning,Ken Huggins,,,"['Si Adams', 'Lester Taylor', 'Daniel Woodruffe']"
North Down,,,,,Barry McKee,,,"['Chris Carter', 'Tim Collins', 'Alex Easton', 'Stephen Farry', 'Déirdre Vaughan']"
North Durham,George William Carter,Luke Akehurst,Craig Martin,Andrew Husband,Sunny Moon-Schott,,,"['Chris Bradburn', 'Tom Chittenden']"
North East Cambridgeshire,Steve Barclay,Javeria Hussain,David Chalmers,Christopher Thornhill,Andrew Crawford,,,"['David Roy Patrick', 'Clayton Maxwell Payne']"
North East Derbyshire,Lee Rowley,Louise Elizabeth Jones,Ross Shipman,Andy Egginton,Frank Adlington-Stringer,,,['Wesley Massumbukolt']
North East Fife,Bill Bowman,Jennifer Gallagher,Wendy Chamberlain,Matthew Wren,Morven Ovenstone-Jones,Stefan Hoggan-Radu,,[]
North East Hampshire,Ranil Malcolm Jayawardena,Bradley David Phillips,Alex Brewer,Paul Morton,Mohamed Miah,,,"[""Howling 'Laud' Hope"", 'Duncan Philip Stone', 'Alex Zychowski']"
North East Hertfordshire,Nikki Da Costa,Chris Hinchliff,Ruth Brown,Steve Adelantado,Vicky Burt,,,[]
North East Somerset and Hanham,Jacob Rees-Mogg,Dan Norris,Dine Romero,Paul MacDonnell,Edmund Cannon,,,"['Barmy Brunch', 'Nicholas Hales']"
North Herefordshire,Bill Wiggin,Jon Browning,Cat Hornsey,Andrew Dye,Ellie Chowns,,,['Michael Guest']
North Norfolk,Duncan Baker,Cathy Cordiner-Achenbach,Steffan Aquarone,Jason Malcolm Patchett,Elizabeth Anne Dixon,,,[]
North Northumberland,Anne-Marie Trevelyan,David Smith,Natalie Younes,Katherine Hales,Jan Rosen,,,"['Georgina Emma Rowley Hill', 'Michael Anthony Joyce', 'Andrew Martin']"
North Shropshire,Simon Baynes,Natalie Rowley,Helen Morgan,Mark Whittle,Craig David Emery,,,['Samuel Cladingbowl']
North Somerset,Liam Fox,Sadik Al-Hassan,Ash Cartman,Alexander Kokkinoftas,Oscar Livesey Lodwick,,,['Suneil Basu']
North Warwickshire and Bedworth,Craig Tracey,Rachel Margaret Taylor,Guy Michael Clinton Burchett,Paul Hopkins,Alison Wilson,,,[]
North West Cambridgeshire,Shailesh Vara,Sam Carling,Bridget Smith,James Sidlow,Elliot Alister Tong,,,[]
North West Essex,Kemi Badenoch,Issy Waite,Smita Rajesh,Grant StClair-Armstrong,Edward Gildea,,,"['Erik Bonino', 'Andrew David Green', 'Niko Omilana']"
North West Hampshire,Kit Malthouse,Andy Fitchet,Luigi Gregori,Andrew Meacham,Hina West,,,['Phil Heath']
North West Leicestershire,Craig Smith,Amanda Hack,Alice Delemare,Noel Matthews,Carl Benfield,,,"['Andrew Bridgen', 'Siobhan Dillon']"
North West Norfolk,James Wild,Tim Leaver,Rob Colwell,Phil Walton,Michael de Whalley,,,[]
Norwich North,Charlotte Domonique Salomon,Alice Macdonald,Chika Akinwale,Nick Taylor,Ben Price,,,['Fiona Ruth Grace']
Norwich South,David Thomas,Clive Lewis,Sean Timothy Bennett,Graham Burton,Jamie Osborn,,,"['Elizabeth Ashley Davey', 'Linda Jane Law']"
Nottingham East,Johno Lee,Nadia Whittome,Anita Prabharkar,Debbie Stephens,Rosey Palmer,,,"['Issan Ghazni', 'Ali Khan', 'Naveed Rashid']"
Nottingham North and Kimberley,Caroline Henry,Alex Norris,David Reuben Schmitz,Golam Kadiri,Sam Harvey,,,[]
Nottingham South,Zarmeena Abdul Quraishi,Lilian Greenwood,Christina Morgan-Danvers,Mykel Hedge,Cath Sutherland,,,"['Shaghofta Naz Akhtar', 'Paras Ghazni', 'Dr Mohammed Sayeed']"
Nuneaton,Marcus Jones,Jodie Gosling,Joy Temitayo Salaja,Rob Howard,Keith Kondakor,,,['John Robert Homer']
Old Bexley and Sidcup,Louie French,Edward Jones,Adrian Hyyrylainen-Trett,Maxine Fothergill,Brad Davies,,,"['Andrew Still', 'Laurent Williams']"
Oldham East and Saddleworth,Tom Fish,Debbie Abrahams,Sam Al-Hamdani,Jacob Barden,Fesl Reza-Khan,,,"['Nick Buckley', 'Paul Boots Errock', 'Shanaz Saddique']"
"Oldham West, Chadderton and Royton",Horatio Lovering,Jim McMahon,Hannah Kitching,David Silbiger,Samsuzzaman Syed,,,"['Zaffar Iqbal', 'Raja Miah', 'Tony Wilson']"
Orkney and Shetland,Shane Painter,Conor Savage,Alistair Carmichael,Robert Smith,Alex Armitage,Robert Leslie,,[]
Orpington,Gareth Bacon,Ju Owens,Graeme Casey,Mark Bradley James,Seamus McCauley,,,['John Hunter Bright']
Ossett and Denby Dale,Mark Eastwood,Jade Botterill,James Wilkinson,Sandra Senior,Neil Doig,,,['David John Rowntree Herdson']
Oxford East,Louise Brown,Anneliese Dodds,Theo Jupp,,Sushila Dhall,,,"['Benjamin Adams', 'Amir Steve Ali', 'Brandon Luke French', 'David Henwood', 'Katherine Mary Longthorp', 'Zaid Marham', 'Jabu Nala-Hartley', 'Andrew Smith']"
Oxford West and Abingdon,Vinay Raniga,Stephen Webb,Layla Moran,James Gunn,Chris Goodall,,,"['Anni Byard', 'Josh Phillips', 'Ian Oliver Michael Shelley']"
Paisley and Renfrewshire North,David McGonigle,Alison Suzanne Watt Taylor,Grant Toghill,Andrew Scott,Jen Bell,Gavin Andrew Stuart Newlands,,[]
Paisley and Renfrewshire South,Alec Leishman,Johanna Baxter,Jack Clark,Jim McIlroy,Athol Bond,Jacqueline Cameron,,"['Paul Mack', 'Mark Turnbull']"
Peckham,Ben Mascall,Miatta Fahnbulleh,David Watson,Linda Purcell,Claire Frances Sheppard,,,"['Jennifer Blake', 'Stefan David Harvey', 'Mariatu Kargbo', 'Alex Kerr', 'Olusola Oni']"
Pendle and Clitheroe,Andrew Stephenson,Jonathan James Hinder,Anna Corrina Fryer,Victoria Anne Fletcher,Lex Kristan,,,"['Syed Muarif Hashmi', 'Tony Johnson', 'Zulfikar Ali Khan', 'Christopher Thompson']"
Penistone and Stocksbridge,Miriam Cates,Marie Tidball,Rob Reiss,Edward Dillingham,Andy Davies,,,[]
Penrith and Solway,Mark Jenkinson,Markus Campbell-Savours,Julia Aglionby,Matthew Moody,Susan Denham-Smith,,,"['Roy Ivinson', 'Chris Johnston', 'Shaun Long']"
Perth and Kinross-shire,Luke Graham,Graham Cox,Amanda Clark,Helen McDade,,Pete Wishart,,['Sally Hughes']
Peterborough,Paul Bristow,Andrew Pakes,Nick Sandford,Sue Morris,Nicola Day,,,"['Amjad Hussain', 'Zahid Ejaz Khan', 'Tom Rogers']"
Plymouth Moor View,Johnny Mercer,Fred Thomas,Sarah Martin,Shaun Hooper,Georgia Nelson,,,[]
Plymouth Sutton and Devonport,Gareth Streeter,Luke Pollard,Holly Greenberry-Pullen,Peter Gold,Cam Hayward,,,"['Robert Oliver Hawkins', 'Guy Haywood', 'Alex Moore', 'Chaz Singh']"
"Pontefract, Castleford and Knottingley",Laura Weldon,Yvette Cooper,Jamie Luke Needle,John Thomas,Olli Watkins,,,['Trevor Lake']
Pontypridd,Jack Robson,Alex Davies-Jones,David Mathias,Steve Bayliss,Angela Karadog,,Wil Rees,"['Joe Biddulph', 'Jonathan Bishop', 'Wayne Owen']"
Poole,Robert Syms,Neil John Duncan-Jordan,Oliver John Walters,Andrei Silviu Dragotoniu,Sarah Catherine Ward,,,"['Leanne Barnes', 'Joe Cronin']"
Poplar and Limehouse,Freddie Downing,Apsana Begum,Richard Flowers,Tony Glover,Nathalie Bienfait,,,"['Ehtashamul Haque', 'Kamran Khan', 'Manny Lawal']"
Portsmouth North,Penny Mordaunt,Amanda Martin,Simon Dodd,Mel Todd,Duncan Stuart Robinson,,,[]
Portsmouth South,Signe Andrea Biddle,Stephen Morgan,Charlie Murphy,Mark Zimmer,Elliott Lee,,,['Jacob Lee Short']
Preston,Trevor Michael Hart,Mark Hendrick,Neil Darby,James Elliot,Isabella Metcalf-Riener,,,"['Yousuf Mohamed Ibrahim Bhailok', 'David Brooks', 'Derek Killeen', 'Michael Lavalette', ""Joseph O'Meachair""]"
Putney,Lee Jamie Roberts,Fleur Anderson,Kieren McCarthy,Peter Hunter,Fergal Joseph McEntee,,,"['Felix Burford-Connole', 'Heiko Khoo']"
Queen's Park and Maida Vale,Samia Hersi,Georgia Gould,Helen Baxter,Angela Michelle Carter-Begbie,Vivien Lichtenstein,,,"['Abdulla Janmohamed Dharamsi', 'Irakli Menabde']"
Rawmarsh and Conisbrough,Oliver Harvey,John Healey,Paul Horton,Adam Wood,Tom Hill,,,['Robert Redfern Watson']
Rayleigh and Wickford,Mark Francois,James Hedges,Stewart Adrian Mott,Grant Robert Joseph Randall,Chris Taylor,,,[]
Reading Central,Raj Singh,Matt Rodda,Henry David Wright,Andrew Williams,Dave McElroy,,,"['Adam Wayne Joseph Gillman', 'Michael Jeffrey Turberville']"
Reading West and Mid Berkshire,Ross Mackinnon,Olivia Bailey,Helen Belcher,Kate Bosley,Carolyne Culver,,,"['Adrian Neil Abbs', 'Adie Peppiatt']"
Redcar,Jacob Young,Anna Turley,Chris Jones,John Davies,Ruth Hatton,,,['Gary Conlin']
Redditch,Rachel Maclean,Christopher James Bloore,Andrew Paul Fieldsend-Roxborough,Julie Allison,David Frank Oliver Thain,,,['Amin']
Reigate,Rebecca Paul,Stuart Brady,Mark Johnston,Joseph Brian Fox,Jonathan Essex,,,[]
Rhondda and Ogmore,Adam Robinson,Chris Bryant,Gerald Francis,Darren James,Christine Glossop,,Owen Cutler,[]
Ribble Valley,Nigel Evans,Maya Ellis,John Potter,John Anthony Carroll,Caroline Montague,,,['Qasim Ajmi']
Richmond and Northallerton,Rishi Sunak,Tom Wilson,Daniel George Callaghan,Lee Martin Taylor,Kevin Foster,,,"['Jason Barnett', 'Count Binface', 'Angie Campion', 'Louise Anne Dickens', 'Rio Goldhammer', 'Niko Omilana', 'Brian Neil Richmond', 'Sir Archibald Stanton']"
Richmond Park,Sara Gezdari,Laura Coryton,Sarah Olney,Michael Hearn,Chas Warlow,,,"['Chris French', 'Richard Harrison']"
Rochdale,Paul Ellison,Paul Waugh,Andy Kelly,Michael Howard,Martyn Savin,,,['George Galloway']
Rochester and Strood,Kelly Tolhurst,Lauren Rae Edwards,Graham Colley,Daniel Dabin,Cat Jamieson,,,"['Peter Richard Ede Burch', 'John Innes']"
Romford,Andrew Rosindell,Andrew Achilleos,Thomas Clarke,Philip Joseph Hyde,David Hughes,,,"['Colin Birch', 'Zhafaran Qayum']"
Romsey and Southampton North,Caroline Nokes,Christie Lambert,Geoff Cooper,Paul Barrett,Connor Edward Shaw,,,['Fennie Yap']
Rossendale and Darwen,Jake Berry,Andy MacNae,Rowan Fitton,Daniel Matchett,Bob Bauld,,,['Tayab Ali']
Rotherham,,Sarah Champion,Adam Jonathon Carter,John Paul Cronly,Tony Mabbott,,,"['Ishtiaq Ahmad', 'David Atkinson', 'Taukir Iqbal']"
Rother Valley,Alexander Stafford,Jake Richards,Colin David Taylor,Tony Harrison,Paul Neville Martin,,,[]
Rugby,Yousef Dahmash,John Anthony Slinger,Richard Dickson,Devenne Taylor Kedward,Becca Stevenson,,,"['Anand Prakash Swayamprakasam', 'Mark Anthony Townsend']"
"Ruislip, Northwood and Pinner",David Simmonds,Tony Gill,Jonathan Michael Banks,Ian Price,Jess Lee,,,[]
Runcorn and Helsby,Jade Marsden,Mike Amesbury,Chris Rowe,Jason Moorcroft,Chris Copeman,,,"['Danny Clarke', 'Paul Murphy']"
Runnymede and Weybridge,Ben Spencer,Robert King,Ellen Nicholson,Stewart Mark Mackay,Steve Ringham,,,"['Michael Kenneth Cressey', 'Nicholas Wood']"
Rushcliffe,Ruth Edwards,James William Naish,Greg Webb,James Grice,Richard Mallender,,,"['Lynn Irving', 'Harbant Kaur Sehra']"
Rutherglen,Gary Burns,Michael Shanks,Gloria Adebo,David Stark,,Katy Loudon,,"['Bill Bonnar', 'Andrew Vincent Daly', 'Jim Eadie', 'John McArthur']"
Rutland and Stamford,Alicia Kearns,Joe Wood,James Moore,Chris Clowes,Emma Louise Baker,,,['Joanna Burrows']
Salford,Hilary Jane Scott,Rebecca Long-Bailey,Jake Austin,Keith Whalley,Wendy Olsen,,,"['Mustafa Abdullah', 'Stephen James Lewthwaite']"
Salisbury,John Glen,Matt Aldridge,Victoria Charleston,Julian Malins,Barney Norris,,,"['Chris Harwood', 'Arthur Pendragon']"
Scarborough and Whitby,Roberto Weeden-Sanz,Alison Hume,Robert Lockwood,David Bowes,Annette Hudspeth,,,"['Lee Francis Derrick', 'Thomas Peter Foster', 'Asa Joe Benjamin Jones']"
Scunthorpe,Holly Mumby-Croft,Nicholas Dakin,Cahal Burke,Darren Haley,Nick Cox,,,"['Dr Abdul R Butt', 'Scott Curtis']"
Sefton Central,Marcus Bleasdale,Bill Esterson,Gareth Lloyd-Johnson,Nagender Chindam,Kieran Dams,,,['Ralph Norgate James']
Selby,Charles Richardson,Keir Mather,Christian Vassie,David John Burns,Angela Oldershaw,,,[]
Sevenoaks,Laura Trott,Denise Roseanna Scott-McDonald,Richard Giles Streatfeild,James Milmine,Laura Marie Manston,,,"['Adam Hibbert', 'Elwyn Lloyd Jones']"
Sheffield Brightside and Hillsborough,Aaron Jacob,Gill Furniss,Will Sapwell,,Christine Gilligan Kubo,,,"['Maxine Bowler', 'Jeremy Turner', 'Mark Tyler']"
Sheffield Central,Lucy Stephenson,Abtisam Mohamed,Sam Christmas,,Angela Argenzio,,,"['Isabelle Amy France', 'Caitlin Hardy', 'Annie Stoker', 'Alison Clare Teal']"
Sheffield Hallam,Isaac Howarth,Olivia Blake,Shaffaq Mohammed,,Jason Leman,,,"['Sam Chapman', 'Andrew Hudson Cowell', 'Mo Moui-Tabrizy']"
Sheffield Heeley,Lorna Dorothy Maginnis,Louise Haigh,Rebecca Atkinson,,Alexi Dimond,,,"['Helen Claire Jackman', 'Louise McDonald', 'Steven Roy', 'Mick Suter']"
Sheffield South East,Caroline Kampila,Clive Betts,Sophie Jane Thornton,,Hannah Nicklin,,,"['Jack Carrington', 'Matthew Leese', 'Muzafar Rahman']"
Sherwood Forest,Mark Spencer,Michelle Welsh,David Dobbie,Helen Rose O'Hare,Sheila Greatrex-White,,,"['Jeremy Paul Spry', 'Lee Waters']"
Shipley,Philip Davies,Anna Dixon,Graham Reed,Simon Dandy,Kevin Warnes,,,"['Will Grant', 'Waqas Ali Khan', 'Darryl Neale Morton-Wright', 'Nagbea', 'Paul Shkurka']"
Shrewsbury,Daniel Kawczynski,Julia Buckley,Alex Wagner,Victor Charles David Applegate,Julian Dean,,,"['Chris Bovill', 'James Grimshaw Gollins']"
Sittingbourne and Sheppey,Aisha Cuthbert,Kevin McKenna,Frances Kneller,William Fotheringham-Bray,Sam Banks,,,"['Mike Baldock', 'Matt Brown', 'Mad Mike Young']"
Skipton and Ripon,Julian Smith,Malcolm Birks,Andrew Murday,Simon Garvey,Andy Brown,,,"['Ryan Kett', 'Guy Phoenix', 'Keith Graham Tordoff']"
Sleaford and North Hykeham,Caroline Johnson,Hanif Ahmad Khan,Matthew Winnington,Ben Jackson,Martin Blake,,,['Robert Arthur Oates']
Slough,Moni Kaur Nanda,Tan Dhesi,Chelsea Whyte,Robin Jackson,Julian Edmonds,,,"['Azhar Iqbal Chohan', 'Diana Victoria Coad', 'Chandra Sekhar Muvvala', 'Adnan Shabbir', 'Jaswinder Singh', 'Nick Smith']"
Smethwick,Kate Fairhurst,Gurinder Singh Josan,Oliver Patrick,Pete Durnell,Roderick MacRorie,,,"['Jay Anandou', 'Ravaldeep Bath', 'Christopher Alexander Graham', 'Nahim Rubani']"
Solihull West and Shirley,Neil Shastri-Hurst,Deirdre Fox,Ade Adeyemo,Mary Ann McKenna,Max McLoughlin,,,['Julian Knight']
Southampton Itchen,Sidney Yankson,Darren Paffey,James Edward Batho,Alexander Conrad Culley,Neil McKinnon Lyon Kelly,,,['Declan Peter Clune']
Southampton Test,Ben Burcombe-Filer,Satvir Kaur,Thomas Gravatt,John Peter Edwards,Katherine Jane Barbour,,,"['Maggie Fricker', 'Wajahat Shaukat']"
South Antrim,,,,,Lesley Veronica,,,"['John Blair', 'Paul Girvan', 'Declan Kearney', 'Mel Lucas', 'Roisin Lynch', 'Siobhán McErlean', 'Robin Swann']"
South Basildon and East Thurrock,Stephen Metcalfe,Jack Ferguson,Dave Thomas,James McMurdock,Elizabeth Grant,,,"['Simon Breedon', 'Steven Robert Burnett', 'Neil Speight']"
South Cambridgeshire,Chris Carter-Chapman,Luke Viner,Pippa Heylings,Harrison Edwards,Miranda Fyfe,,,['James Gordon']
South Cotswolds,James Gray,Zoë Billingham,Roz Savage,Desi Latimer,Bob Eastoe,,,"['Martin Broomfield', 'Owen Humphrys', 'Sandy Steel', 'Chris Twells']"
South Derbyshire,Heather Wheeler,Samantha Niblett,Lucy Care,Job West,Aruhan Galieva,,,"['Paul Liversuch', 'Amy Wheelton']"
South Devon,Anthony Mangnall,Daniel Steel,Caroline Voaden,Michael Bagley,Robert Bagnall,,,['Becca Collings']
South Dorset,Richard Drax,Lloyd Hatton,Matt Bell,Morgan Tara Young,Catherine Bennett,,,"['Giovanna Lewis', 'Rosie Frisby Morrell', 'Joy Heather Wilson']"
South Down,Hannah Westropp,,,,Declan Walsh,,,"['Diane Forsythe', 'Chris Hazzard', 'Rosemary McGlone', 'Colin McGrath', 'Andrew McMurray', ""Michael O'Loan"", 'Jim Wells']"
South East Cornwall,Sheryll Murray,Anna Gelderd,Colin Edward Martin,Paul Wadley,Martin Corney,,,['Graham Cowdry']
Southend East and Rochford,Gavin Haran,Bayo Alaba,James Joseph Allen,Leslie Lilley,Simon Cross,,,"['Lee John Clark', 'Bianca Eleanor Isherwood']"
Southend West and Leigh,Anna Firth,David Edmund Burton-Sampson,Stephen Cummins,Peter Robert Little,Tilly Hogrebe,,,"['Tom Darwood', 'Robert David John Francis', 'Lara Michelle Hurley', 'James Miller', 'Jason Pilley']"
Southgate and Wood Green,Eric Sukumaran,Bambos Charalambous,Lauren Fulbright,Lucy O'Sullivan,Charith Gunawardena,,,"['Geoff Moseley', 'Karl Vidol']"
South Holland and The Deepings,John Hayes,Paul Hilliar,Jack Braginton,Matt Swainson,Rhys Rhobat Baker,,,['Mark Edward Le Sage']
South Leicestershire,Alberto Costa,Robert Parkinson,Paul Hartshorn,Bill Piper,Mike Jelfs,,,[]
South Norfolk,Poppy Simister-Thomas,Ben Goldsborough,Chris Brown,Chris Harrison,Catherine Joanna Rowett,,,"['Paco Davila', 'Jason Maguire']"
South Northamptonshire,Sarah Bool,Rufia Ashraf,Stewart Tolley,Paul James Hogan,Emmie Williamson,,,"['Ian Alexander McCord', 'Stuart Robert', 'Mick Stott']"
Southport,Damien Moore,Patrick Brian Hurley,Erin Harvey,Andrew Lynn,Edwin Gordon Black,,,['Sean Robert Halsall']
South Ribble,Katherine Fletcher,Paul Andrew Foster,Ange Turner,Andy Hunter,Stephani Karyim Mok,,,[]
South Shields,Craig Robinson,Emma Lewell-Buck,Jonathan Aibi,Stephen William Holt,David Francis,,,['Ahmed Khan']
South Shropshire,Stuart Anderson,Simon Thomson,Matthew Green,Charles Shackerley-Bennett,Hilary Wendt,,,[]
South Suffolk,James Cartlidge,Emma Bishton,Tom Bartleet,Bev England,Jessie Kate Carter,,,[]
South West Devon,Rebecca Smith,Sarah Allen,Julian Brazil,Stephen Horner,Lauren McLay,,,"['Ben Davy', 'Darryl Christian Ingram', 'Alan Charles Spencer']"
South West Hertfordshire,Gagan Mohindra,Alex Sufit,Sally Symington,Keith Steers,Narinder Sian,,,"['Michael McGetrick', ""Bernadette O'Malley"", 'Ketankumar Pipaliya', 'Victor Silkin']"
South West Norfolk,Liz Truss,Terry Jermy,Josie Ratcliffe,Toby McKenzie,Pallavi Devulapalli,,,"['Earl Elvis of East Anglia', 'James Bagge', 'Gary Conway', 'Lorraine Douglas']"
South West Wiltshire,Andrew Murrison,Evelyn Akoto,Bret Palmer,Garry Irvin,Fay Whitfield,,,"['Thomas Culshaw', 'James Adam Robertson Ernest Ward']"
Spelthorne,Lincoln Jopp,Claire Tighe,Harry Boparai,Rory O'Brien,Manu Singh,,,['Alistair Miller']
Spen Valley,Laura Evans,Kim Leadbeater,Alison Brelsford,Sarah Wood,Martin Price,,,['Javed Bashir']
Stafford,Theo Clarke,Leigh Ingham,Peter Emil Andras,Michael Riley,Scott Spencer,,,"['Titus Anything', 'Craig Morton']"
Staffordshire Moorlands,Karen Bradley,Alastair Watson,Graham John Oakes,Dave Poole,Helen Stead,,,[]
St Albans,James Spencer,Sophia Adams Bhatti,Daisy Cooper,John Leroy Dowdle,Simon Grover,,,"['Dafydd Morriss', 'Stewart Satterly']"
Stalybridge and Hyde,Phil Chadwick,Jonathan Reynolds,Kamala Kugan,Barbara Kaya,Robert Hodgetts-Haley,,,"['Ian Justin Owen', 'Audel Shirin']"
St Austell and Newquay,Steve Double,Noah Law,Joanna Nora Kenny,Stephen Beal,Amanda Pennington,,,"['Jay Latham', 'Angie Rayner']"
Stevenage,Alex Clarkson,Kevin Bonavia,Lisa Nash,Peter Hopper,Paul Dawson,,,['Joshua Smith']
St Helens North,Jayne Louise Rear,David Baines,Pat Moloney,Malcolm James Webster,Daniel Thomas,,,['Joe Greenhalgh']
St Helens South and Whiston,Emma Victoria Ellison,Marie Rimmer,Brian Spencer,Raymond Michael Peters,Terence Stephen Price,,,['James Tasker']
Stirling and Strathallan,Neil Benny,Chris Kane,Hamish Taylor,Bill McDonald,Andrew Adam,Alyn Smith,,[]
St Ives,Derek Thomas,Filson Ali,Andrew George,Giane Mortimer,Ian Edward Flindall,,,"['John Richard Harris', 'Dave Laity', 'Paul Nicholson', 'Jason Saunders']"
St Neots and Mid Cambridgeshire,Anthony Browne,Marianna Masters,Ian Sollom,Guy Lachlan,Kathryn Fisher,,,"['Stephen Ferguson', 'Bev White']"
Stockport,Oliver Johnstone,Navendu Mishra,Wendy Meikle,Lynn Schofield,Helena Julia Mellish,,,"['Ayesha Khan', 'Ashley Walker']"
Stockton North,Niall Innes,Chris McDonald,Jo Barton,John Gerard McDermottroe,Samuel Ernest Bradford,,,[]
Stockton West,Matt Vickers,Joe Dancey,Nigel Frederick Boddy,Stephen Matthews,Anna-Maria Toms,,,"['Monty Brack', 'Vivek Chhabra', 'Niko Omilana', 'Mohammed Zaroof']"
Stoke-on-Trent Central,Chandra Kanneganti,Gareth Snell,Laura McCarthy,Luke Stephen Shenton,Adam William Colclough,,,"['AliRom Alirom', 'Navid Kaleem', 'Andy Polshaw']"
Stoke-on-Trent North,Jonathan Gullis,David Williams,Lucy Ann Hurds,Karl Beresford,Josh Harris,,,['Jag Boyapati']
Stoke-on-Trent South,Jack Brereton,Allison Gardner,Alec Sandiford,Michael Bailey,Peggy Wiseman,,,"['Asif Mehmood', 'Carla Parrish']"
"Stone, Great Wyrley and Penkridge",Gavin Williamson,Jacqueline Anne Brown,Sam Harper-Wallis,,Danni Braine,,,"['Alexander Bramham', 'Janice Mackay']"
Stourbridge,Suzanne Webb,Cat Eccles,Christopher Ashley Bramall,Richard Shaw,Stephen James Price,,,['Mohammed Ramzan']
Strangford,Barry Hetherington,,,,Alexandra Braidner,,,"['Gareth Burns', 'Garreth Falls', 'Michelle Guy', 'Ron McDowell', 'Will Polland', 'Noel Sands', 'Jim Shannon', 'Richard Smart']"
Stratford and Bow,Kane Blackwell,Uma Kumaran,Janey Little,Jeff Evans,Joe Hudson-Small,,,"['Nizam Ali', 'Omar Faruk', 'Steve Hedley', 'Halima Khan', 'Fiona Lali']"
Stratford-on-Avon,Chris Clarkson,Seyi Agboola,Manuela Perteghella,James Phillip Crocker,Doug Rouxel,,,"[""Neil O'Neil"", 'Kevin Taylor']"
Streatham and Croydon North,Anthony Boutall,Steve Reed,Claire Bonham,Philip Watson,Scott Ainslie,,,"['Magdaline Nzekwue', 'Myles Ronald Owen', 'Waseem Sherwani']"
Stretford and Urmston,Mark Cornes,Andrew Western,Mark Clayton,Charlotte Patricia Faulkner,Dan Jerrome,,,"['Khalila Chaudry', 'Jim Newell']"
Stroud,Siobhan Baillie,Simon Joseph Opher,George James,Christopher Lester,Pete Kennedy,,,"['Jason Philip Hughes', 'Saskia Whitfield']"
Suffolk Coastal,Thérèse Coffey,Jenny Riddell-Carpenter,Julia Ewart,Matthew Paul Jackson,Julian Michael Cusack,,,[]
Sunderland Central,Gregory Peacock,Lewis Atkinson,Niall Dane Hodson,Chris Eynon,Rachel Featherstone,,,[]
Surrey Heath,Ed McGuinness,Jessica Naomi Patsy Hammersley-Rich,Al Pinkerton,Sam Goggin,Jon Campbell,,,['Elizabeth de Stanford Wallitt']
Sussex Weald,Nus Ghani,Dipesh Patel,Danielle Newson,David Morgan,Austin Henderson,,,"['Shaun Bowler', 'Stephen Gander', 'Chris Magness', 'Dominie Mary Stemp']"
Sutton and Cheam,Tom Drummond,Chrishni Reshekaron,Luke Taylor,Ryan Powell,Aasha Anam,,,['Hamilton Action-Man Kingsley']
Sutton Coldfield,Andrew Mitchell,Rob Pocock,John Sweeney,Mark Hoath,Ben Auton,,,['Wajad Burkey']
Swansea West,Tara-Jane Sutcliffe,Torsten Bell,Michael Ely O'Carroll,Patrick Benham-Crosswell,Peter Jones,,Gwyn Williams,['Gareth Bromhall']
Swindon North,Justin Tomlinson,Will Stone,Flo Clucas,Les Willis,Andy Bentley,,,"['Debbie Tara Hicks', 'Scott Victor Abbas Hunter']"
Swindon South,Robert Buckland,Heidi Alexander,Matt McCabe,Catherine Kosidowski,Rod Hebden,,,['Martin Costello']
Tamworth,Eddie Hughes,Sarah Edwards,Jed Marson,Ian Stuart Cooper,Sue Howarth,,,"['Robert Bilcliff', 'Adam James Goodfellow']"
Tatton,Esther McVey,Ryan Jude,Jonathan Smith,Oliver George Speakman,Nigel Hennerley,,,[]
Taunton and Wellington,Rebecca Pow,Brenda Dawn Weston,Gideon Amos,Charles Hansard,Ryan Trower,,,['Rochelle Russell']
Telford,Hannah Campbell,Shaun Davies,Jo McKenna,Alan Adams,John Adams,,,[]
Tewkesbury,Laurence Robertson,Damola Animashaun,Cameron Thomas,Byron Clifford Davis,Cate Cody,,,['David Edgar']
The Wrekin,Mark Pritchard,Roh Yakobi,Anthony Lowe,Richard Nicholas Leppington,Pat McCarthy,,,['Christopher Shipley']
Thirsk and Malton,Kevin Hollinrake,Lisa Banes,Steve Mason,Mark Robinson,Richard George McLane,,,['Luke Martin John Brownlee']
Thornbury and Yate,Luke Hall,Rob Logan,Claire Young,Andy Banwell,Alexandra Jenner-Fust,,,[]
Thurrock,Jackie Doyle-Price,Jennifer Craft,Michael Bukola,Sophie Almina Preston-Hall,Eugene McCarthy,,,"['Yousaff Khan', 'Dr Nimal Raj']"
Tipton and Wednesbury,Shaun Bailey,Antonia Bance,Mark Rochell,Jack Sabharwal,Mark Redding,,,"['Abdul Husen', 'Mohammed Yaseen Hussain-Billa']"
Tiverton and Minehead,Ian Liddell-Grainger,Jonathan Reece Barter,Rachel Gilmour,Frederick Keen,Laura Buchanan,,,[]
Tonbridge,Tom Tugendhat,Lewis William John Bailey,John Woollcombe,Teresa Hansford,Anna Victoria Cope,,,"['Ian Grattidge', 'Tim Shaw']"
Tooting,Ethan Kane Foster Brooks,Rosena Allin-Khan,Judith Trounson,Andrew Price,Nick Humberstone,,,"['Jas Alduk', 'Tarik Ul Raza Hussain', 'Davinder Singh Jamus']"
Torbay,Kevin Foster,Chris Wongsosaputro,Steve Darling,Gordon Scott,Charlie West,,,['Paul Andrew Moor']
Torfaen,Nathan John Edmunds,Nick Thomas-Symonds,Brendan Roberts,Ian Michael Williams,Philip Davies,,Matthew Nathan Woolfall Jones,"['Nikki Brooke', 'Lee Dunning']"
Torridge and Tavistock,Geoffrey Cox,Isabel Angela Saxby,Phil Hutty,Andrew Jackson,Judy Maciejowska,,,['Alan Edward Rayner']
Tottenham,Attic Rahman,David Lammy,Hari Prabu,Roger Gravett,David Craig,,,"['Amelia Allao', 'Pamela Holmes', 'Nandita Lal', 'Andrew Miles', 'Jennifer Obaseki']"
Truro and Falmouth,Cherilyn Mackrory,Jayne Kirkham,Ruth Gripper,Steve Rubidge,Karen La Borde,,,"['Peter Lawrence', 'Peter White']"
Tunbridge Wells,Neil Mahapatra,Hugo Giles Pound,Mike Martin,John Gager,John Anthony Hurst,,,['Hassan Kassem']
Twickenham,Jonathan Hulley,Tom Bruce,Munira Wilson,Alexander Starling,Chantal Lyn Kerr-Sheppard,,,['Umair Malik']
Tynemouth,Lewis Bartoli,Alan Campbell,John Appleby,Rosie Elliott,Chloe-Louise Reilly,,,"['Kelly Jane Oliver Dougall', 'Christopher Greener', 'Mustaque Rahman', 'Adam Thewlis']"
Upper Bann,,,,,,,,"['Kate Evans', 'Carla Lockhart', 'Catherine Nelson', 'Malachy Quinn', 'Eóin Tennyson']"
Uxbridge and South Ruislip,Steve Tuckwell,Danny Boy Beales,Ian Rex-Hawkes,Tim Wheeler,Sarah Charmian Green,,,"['Geoff Courtenay', 'Steve Gardner', 'Gary Lee Harbord']"
Vale of Glamorgan,Alun Cairns,Kanishka Narayan,Steven Rajam,Toby Rhodes-Matthews,Lynden Mack,,Ian Johnson,"['Stuart Field', 'Steven Sluman']"
Vauxhall and Camberwell Green,Aarti Joshi,Florence Eshalomi,Chris French,Mike King,Catherine Alice Dawkins,,,['Andrew McRobbie']
Wakefield and Rothwell,Arnold Eric Craven,Simon Lightwood,Stewart Golton,David Alan Dews,Ash Routh,,,"['Brent Hawksley', 'Keith Mason', 'Nicholas Sanders']"
Wallasey,Robbie Lammas,Angela Eagle,Vicky Downie,David Burgess-Joyce,Jane Elizabeth Turner,,,"['Philip Anthony Bimpson', 'Ian Pugh']"
Walsall and Bloxwich,Shannon Lloyd,Valerie Vaz,Patrick Thomas Stillman,Elaine Ruth Williams,Sadat Hussain,,,['Aftab Nawaz']
Walthamstow,Sanjana Madan Mohan Karnani,Stella Creasy,Rebecca Taylor,Martin Lonergan,Rosalinda Ayo Rowlands,,,"['Imran Arshad', 'Mohammed Ashfaq', 'Dan Edelstyn', 'Ruth Theresa Rawlins', 'Nancy Taaffe']"
Warrington North,Yasmin Al-Atroshi,Charlotte Nichols,David Crowther,Trevor Nicholls,Hannah Spencer,,,['Maddison Wheeldon']
Warrington South,Andy Carter,Sarah Edith Hall,Graham Gowland,Janet Barbara Balfe,Stephanie Davies,,,"['Graeme Kelly', 'Edward Peter Willett']"
Warwick and Leamington,James Uffindell,Matt Western,Louis William McMaster Adam,Nigel Philip Clarke,Hema YellaPragada,,,['Laurie James Steele']
Washington and Gateshead South,Shaun Parsons,Sharon Hodgson,Ciaran Joseph Morrissey,Paul Donaghy,Michal Chantkowski,,,['Sharon Louise McLafferty']
Watford,Dean Russell,Matt Turmaine,Ian Alexander Eric Stotesbury,Gary James Ling,Arran Bowen-la Grange,,,"['Khalid Mahmood Chohan', 'Sarah Jane Knott']"
Waveney Valley,Richard Rout,Gurpreet Padda,John Richard Shreeve,Scott Huggins,Adrian Ramsay,,,['Maya Severyn']
Weald of Kent,Katie Jane Lotte Lam,Lenny Rolles,John Howson,Daniel Kersten,Kate Walder,,,[]
Wellingborough and Rushden,David Goss,Gen Kitchen,Christopher Townsend,Ben Habib,Paul Mannion,,,['Jeremy Spencer Brittin']
Wells and Mendip Hills,Meg Powell-Chandler,Joe Joseph,Tessa Munt,Helen Hims,Peter Alexander Welsh,,,"['Craig Clarke', 'Abi McGuire']"
Welwyn Hatfield,Grant Shapps,Andrew Lewin,John Munro,Jack Oliver Aaron,Sarah Butcher,,,[]
West Aberdeenshire and Kincardine,Andrew Campbell Bowie,Kate Blake,Michael John Turvey,Brandon Innes,William Stanley Raymond Linegar,Glen David Reynolds,,"['Iris Alexandra Leask', 'David Allen Neill']"
West Bromwich,Will Goodhand,Sarah Coombes,Parmjit Singh Gill,Ray Nock,Gita Joshi,,,"['Sam Harding', 'Mohammed Yasin']"
West Dorset,Chris Loder,Donna Lumsden,Edward Morello,,Kelvin Clayton,,,"['Oliver Marshall Amede Chisholm', 'Marcus Daniel Terence White']"
West Dunbartonshire,Maurice Corry,Douglas McAllister,Paul Donald Kennedy,David Smith,Paula Baker,Martin Docherty-Hughes,,"['Andrew Joseph Muir', 'Kelly Wilson']"
West Ham and Beckton,Holly Alice Ramsey,James Edward Asser,Emily Bigland,Georgie David,Robert Alexander Callender,,,"['Lois Austin', 'Sophia Naqvi', 'Kayode Shedowo']"
West Lancashire,Mike Prendergast,Ashley Dalton,Graham Smith,Simon Evans,Charlotte Houltram,,,[]
Westmorland and Lonsdale,Matty Jackman,Pippa Smith,Tim Farron,James Townley,Phil Clayton,,,"['Wendy Long', 'Izzy Solabarrieta', 'John Studholme']"
Weston-super-Mare,John Penrose,Dan Aldridge,Patrick Keating,Richard Andrew Pearse,Thomas Joseph Harrison Daw,,,[]
West Suffolk,Nick Timothy,Rebecca Denness,Henry Batchelor,David Bull,Mark Ereira,,,"['Ivan Kinsman', ""Luke Thomas O'Brien"", 'Katie Parker']"
West Tyrone,Stephen Gerard Lynch,,,,,,,"['Órfhlaith Begley', 'Matthew Bell', 'Thomas Buchanan', 'Stephen Donnelly', 'Leza Marie Houston', 'Daniel McCrossan', 'Stevan Patterson']"
West Worcestershire,Harriett Baldwin,Kashif Haroon,Dan Boatright-Greene,Christopher Hugh Edmondson,Natalie McVey,,,['Seonaid Dawn Barber']
Wetherby and Easingwold,Alec Shelbrooke,Ben Pickles,James Monaghan,Michael Jordan,Arnold Warneken,,,['John Philip Hall']
Whitehaven and Workington,Andrew Paul Johnson,Josh MacAlister,Chris Wills,David Surtees,Jill Perry,,,[]
Widnes and Halewood,Sean Houlston,Derek Twigg,David Coveney,Jake Fraser,Nancy Lola Mills,,,['Michael Murphy']
Wigan,Henry James Mitson,Lisa Nandy,Brian Craig Duff Crombie-Fisher,Andy Dawber,Jane Leicester,,,"['Jan Cunliffe', ""Maureen O'Bern"", 'The Zok']"
Wimbledon,Danielle Dunfield-Prayero,Eleanor Lesley Stringer,Paul Christopher Kohler,Ben Cronin,Rachel Brooks,,,"['Sarah Barber', 'Amy Lynch', 'Aaron Mafi', 'Michael Gerard Watson']"
Winchester,Flick Drummond,Hannah Louise Dawson,Danny Chambers,Sean Whelan,Lorraine Estelle Abraham,,,"['Chris Barfoot', 'Andrew Davis', ""Kevin D'Cruze"", 'Andy Liming']"
Windsor,Jack Rankin,Pavitar Kaur Mann,Julian Tisi,Harl Grewal,Michael Edward Boyle,,,"['David Buckley', 'Simran Kaur Dhillon']"
Wirral West,Jenny Johnson,Matthew Patrick,Peter Timothy Clifford Reisdorf,Ken Ferguson,Gail Jenkinson,,,[]
Witham,Priti Patel,Rumi Chowdhury,Ashley Thompson,Tim Blaxill,James Abbott,,,['Chelsey Jay']
Witney,Robert Courts,Antonio Weiss,Charlie Maynard,Richard Andrew Langridge,Andrew Peter Prosser,,,"['David Roy Cox', 'Barry Paul Ingleton']"
Woking,Jonathan Lord,Ese Erheriene,Will Forster,Richard Barker,Nataly Suzana Anderson,,,['Tim Read']
Wokingham,Lucy Demery,Monica Hamidi,Clive Jones,Colin Wright,Merv Boniface,,,[]
Wolverhampton North East,Jane Stevenson,Sureena Brackenridge,Peter Thornton,Paul Williams,Kwaku Tano-Yeboah,,,[]
Wolverhampton South East,Victoria Helena Wilson,Pat McFadden,Bart Ricketts,Carl Hardwick,Paul Anthony Darke,,,['Athar Ahmad Warraich']
Wolverhampton West,Mike Newton,Warinder Juss,Phillip Howells,Donald Brookes,Andrea Cantrill,,,"['Vikas Chopra', 'Celia Hibbert', 'Zahid Shah']"
Worcester,Marc Bayliss,Tom Collins,Mel Allcott,Andy Peplow,Tor Pingree,,,"['Mark Patrick Davies', 'Duncan Murray']"
Worsley and Eccles,Bradley Curtis Mitchell,Michael Wheeler,Jemma De Vincenzo,Craig Thomas Birtwistle,David Jones,,,"['Nasri Barghouti', 'Sally Griffiths', 'Danny Moloney']"
Worthing West,Peter Bottomley,Beccy Cooper,Morag Chugg,Edmund John Rooke,Sonya Lynne Mallin,,,['Kathryn Alexandra Attwood']
Wrexham,Sarah Atherton,Andrew Steven Ranger,Tim Sly,Charles Dodman,Tim Morgan,,Becca Martin,['Paul Ashton']
Wycombe,Steve Baker,Emma Reynolds,Toni Brodelle,Richard Phoenix,Catherine Bunting,,,"['Khalil Ahmed', 'Ed Gemmell', 'Ajaz Rehman', 'Mark Smallwood']"
Wyre Forest,Mark Garnier,Vicki Smith,Shazu Miah,Bill Hopkins,John Davis,,,"['Nigel Alastair Geary', 'Leigh Whitehouse']"
Wythenshawe and Sale East,Sarah Beament,Mike Kane,Simon Edward Lepori,Julie Fousert,Melanie Earp,,,"['John Barstow', 'Hilary Salt']"
Yeovil,Marcus Fysh,Rebecca Montacute,Adam Dance,Laura Bailhache,Serena Angela Wootton,,,['Steve Ashton']
Ynys Môn,Virginia Crosbie,Ieuan Môn Williams,Leena Sarah Farhat,Emmett Jenner,Martin Schwaller,,Llinos Medi,"['Sir Grumpus L Shorticus', 'Sam Andrew Wood']"
York Central,Richard William Hudson,Rachael Maskell,Alan Page,Cliff Bond,Lars Kramm,,,"['Roger James', 'Ruairi Kendall', 'Alasdair Lord', 'Leo Otis Mayne']"
York Outer,Julian Sturdy,Luke Charters,Andrew Hollyer,John Edward Crispin-Bailey,Michael Robin Kearney,,,"['Darren Borrows', 'David James Eadington', 'Keith Andrew Hayden', 'Hal Aenas Mayne']"
